Workbook

Sheet Mesures
A1: Date | B1: Version | C1: Modification | D1: Reglages | E1: Lancements | F1: Cas | G1: Image (ms) | H1: img/s reelles | I1: GPU moyen (ms) | J1: GPU mediane (ms) | K1: Surfaces (ms) | L1: Fumee (ms) | M1: Reflet sol (ms) | N1: Paires d'ombre | O1: Dossiers | P1: Lasers (ms) | Q1: Banc
A2: 2026-10-14 17:09 | B2: 4055ede | C2: 1. Reference avant sol texture | D2: defaut (qualite adaptative), en mouvement | E2: 1 | F2: defaut / public | G2: 7.23 | H2: =IF(G2>0,1000/G2,"") | I2: 5.95 | J2: 5.58 | K2: 1.364 | L2: 1.874 | O2: reference_avant_sol
A3: 2026-10-14 17:09 | B3: 4055ede | C3: 1. Reference avant sol texture | D3: defaut (qualite adaptative), en mouvement | E3: 1 | F3: defaut / scene | G3: 7.35 | H3: =IF(G3>0,1000/G3,"") | I3: 5.99 | J3: 5.62 | K3: 1.303 | L3: 1.873 | O3: reference_avant_sol
A4: 2026-10-14 17:09 | B4: 4055ede | C4: 1. Reference avant sol texture | D4: defaut (qualite adaptative), en mouvement | E4: 1 | F4: defaut / sous les trusses | G4: 6.78 | H4: =IF(G4>0,1000/G4,"") | I4: 5.59 | J4: 5.22 | K4: 1.061 | L4: 1.612 | O4: reference_avant_sol
A5: 2026-10-14 17:09 | B5: 4055ede | C5: 1. Reference avant sol texture | D5: defaut (qualite adaptative), en mouvement | E5: 1 | F5: gobo + prisme 8 + zoom 25 / public | G5: 14.74 | H5: =IF(G5>0,1000/G5,"") | I5: 14.13 | J5: 14.03 | K5: 5.174 | L5: 4.95 | O5: reference_avant_sol
A6: 2026-10-14 17:09 | B6: 4055ede | C6: 1. Reference avant sol texture | D6: defaut (qualite adaptative), en mouvement | E6: 1 | F6: gobo + prisme 8 + zoom 25 / scene | G6: 13.82 | H6: =IF(G6>0,1000/G6,"") | I6: 13.23 | J6: 13.25 | K6: 4.312 | L6: 4.858 | O6: reference_avant_sol
A7: 2026-10-14 17:09 | B7: 4055ede | C7: 1. Reference avant sol texture | D7: defaut (qualite adaptative), en mouvement | E7: 1 | F7: gobo + prisme 8 + zoom 25 / sous les trusses | G7: 10.59 | H7: =IF(G7>0,1000/G7,"") | I7: 10.1 | J7: 9.85 | K7: 2.875 | L7: 2.879 | O7: reference_avant_sol
A8: 2026-10-14 17:09 | B8: 4055ede | C8: 1. Reference avant sol texture | D8: defaut (qualite adaptative), en mouvement | E8: 1 | F8: zoom 45 + frost 0.6 / public | G8: 10.33 | H8: =IF(G8>0,1000/G8,"") | I8: 7.44 | J8: 7.36 | K8: 1.989 | L8: 3.203 | O8: reference_avant_sol
A9: 2026-10-14 17:09 | B9: 4055ede | C9: 1. Reference avant sol texture | D9: defaut (qualite adaptative), en mouvement | E9: 1 | F9: zoom 45 + frost 0.6 / scene | G9: 10.35 | H9: =IF(G9>0,1000/G9,"") | I9: 7.7 | J9: 7.6 | K9: 2.238 | L9: 3.197 | O9: reference_avant_sol
A10: 2026-10-14 17:09 | B10: 4055ede | C10: 1. Reference avant sol texture | D10: defaut (qualite adaptative), en mouvement | E10: 1 | F10: zoom 45 + frost 0.6 / sous les trusses | G10: 8.64 | H10: =IF(G10>0,1000/G10,"") | I10: 7.22 | J10: 6.57 | K10: 1.334 | L10: 2.925 | O10: reference_avant_sol
A11: 2026-10-14 17:09 | B11: 4055ede | C11: 1. Reference avant sol texture | D11: defaut (qualite adaptative), en mouvement | E11: 1 | F11: sans rebonds (GI) | G11: 6.61 | H11: =IF(G11>0,1000/G11,"") | I11: 5.24 | J11: 5.04 | K11: 1.147 | L11: 1.426 | O11: reference_avant_sol
A12: 2026-10-14 17:09 | B12: 4055ede | C12: 1. Reference avant sol texture | D12: defaut (qualite adaptative), en mouvement | E12: 1 | F12: sans fumee volumetrique | G12: 5.16 | H12: =IF(G12>0,1000/G12,"") | I12: 2.76 | J12: 2.64 | K12: 1.407 | L12: 0 | O12: reference_avant_sol
A13: 2026-10-14 17:09 | B13: 4055ede | C13: 1. Reference avant sol texture | D13: defaut (qualite adaptative), en mouvement | E13: 1 | F13: sans taches sur surfaces | G13: 6.31 | H13: =IF(G13>0,1000/G13,"") | I13: 5.21 | J13: 4.89 | K13: 0.609 | L13: 1.977 | O13: reference_avant_sol
... A43: 2026-10-14 19:08 | B43: eec6ca5 | C43: 3. Sol mouille 0,8 + reflet miroir | D43: adaptive=0, en mouvement | E43: 2 | F43: sans bloom | G43: 8.015 | H43: =IF(G43>0,1000/G43,"") | I43: 6.695 | J43: 6.215 | K43: 1.626 | L43: 1.931 | O43: mouille4_A, mouille4_B
A44: 2026-10-14 19:08 | B44: eec6ca5 | C44: 3. Sol mouille 0,8 + reflet miroir | D44: adaptive=0, en mouvement | E44: 2 | F44: sol mouille / public | G44: 10.435 | H44: =IF(G44>0,1000/G44,"") | I44: 8.595 | J44: 8.185 | K44: 1.661 | L44: 1.907 | M44: 0.971 | O44: mouille4_A, mouille4_B
A45: 2026-10-14 19:08 | B45: eec6ca5 | C45: 3. Sol mouille 0,8 + reflet miroir | D45: adaptive=0, en mouvement | E45: 2 | F45: sol mouille + gobo + prisme 8 / scene | G45: 20.855 | H45: =IF(G45>0,1000/G45,"") | I45: 20.31 | J45: 20.185 | K45: 5.138 | L45: 6.096 | M45: 3.641 | O45: mouille4_A, mouille4_B
A46: 2026-10-14 19:14 | B46: eec6ca5 +modifs | C46: 4. Faisceaux coupes aux obstacles + cube (banc rapide) | D46: adaptive=0, en mouvement, 3 cas | E46: 2 | F46: defaut / public | G46: 8.495 | H46: =IF(G46>0,1000/G46,"") | I46: 7.205 | J46: 6.97 | K46: 1.584 | L46: 1.866 | O46: obstacles_B0, obstacles_B1
A47: 2026-10-14 19:14 | B47: eec6ca5 +modifs | C47: 4. Faisceaux coupes aux obstacles + cube (banc rapide) | D47: adaptive=0, en mouvement, 3 cas | E47: 2 | F47: gobo + prisme 8 + zoom 25 / public | G47: 19.92 | H47: =IF(G47>0,1000/G47,"") | I47: 18.64 | J47: 18.59 | K47: 6.374 | L47: 6.175 | O47: obstacles_B0, obstacles_B1
A48: 2026-10-14 19:14 | B48: eec6ca5 +modifs | C48: 4. Faisceaux coupes aux obstacles + cube (banc rapide) | D48: adaptive=0, en mouvement, 3 cas | E48: 2 | F48: zoom 45 + frost 0.6 / public | G48: 10.435 | H48: =IF(G48>0,1000/G48,"") | I48: 8.925 | J48: 8.145 | K48: 2.242 | L48: 3.275 | O48: obstacles_B0, obstacles_B1
A49: 2026-10-14 19:59 | B49: eec6ca5 +modifs | C49: 5a. Ombres coupees (shadows=0) | D49: adaptive=0, en mouvement, shadows=0 | E49: 2 | F49: defaut / public | G49: 8.74 | H49: =IF(G49>0,1000/G49,"") | I49: 7.115 | J49: 6.615 | K49: 1.638 | L49: 1.977 | N49: 0 | O49: ombres_final2_A0, ombres_final2_A1
A50: 2026-10-14 19:59 | B50: eec6ca5 +modifs | C50: 5a. Ombres coupees (shadows=0) | D50: adaptive=0, en mouvement, shadows=0 | E50: 2 | F50: defaut / scene | G50: 8.675 | H50: =IF(G50>0,1000/G50,"") | I50: 7.06 | J50: 6.65 | K50: 1.623 | L50: 1.975 | N50: 0 | O50: ombres_final2_A0, ombres_final2_A1
A51: 2026-10-14 19:59 | B51: eec6ca5 +modifs | C51: 5a. Ombres coupees (shadows=0) | D51: adaptive=0, en mouvement, shadows=0 | E51: 2 | F51: defaut / sous les trusses | G51: 7.88 | H51: =IF(G51>0,1000/G51,"") | I51: 6.395 | J51: 5.915 | K51: 1.137 | L51: 1.672 | N51: 0 | O51: ombres_final2_A0, ombres_final2_A1
A52: 2026-10-14 19:59 | B52: eec6ca5 +modifs | C52: 5a. Ombres coupees (shadows=0) | D52: adaptive=0, en mouvement, shadows=0 | E52: 2 | F52: gobo + prisme 8 + zoom 25 / public | G52: 19.44 | H52: =IF(G52>0,1000/G52,"") | I52: 17.615 | J52: 17.23 | K52: 6.065 | L52: 6.614 | N52: 0 | O52: ombres_final2_A0, ombres_final2_A1
A53: 2026-10-14 19:59 | B53: eec6ca5 +modifs | C53: 5a. Ombres coupees (shadows=0) | D53: adaptive=0, en mouvement, shadows=0 | E53: 2 | F53: gobo + prisme 8 + zoom 25 / scene | G53: 18.355 | H53: =IF(G53>0,1000/G53,"") | I53: 16.575 | J53: 16.325 | K53: 5.197 | L53: 6.37 | N53: 0 | O53: ombres_final2_A0, ombres_final2_A1
A54: 2026-10-14 19:59 | B54: eec6ca5 +modifs | C54: 5a. Ombres coupees (shadows=0) | D54: adaptive=0, en mouvement, shadows=0 | E54: 2 | F54: gobo + prisme 8 + zoom 25 / sous les trusses | G54: 13.445 | H54: =IF(G54>0,1000/G54,"") | I54: 11.915 | J54: 11.755 | K54: 3.175 | L54: 3.757 | N54: 0 | O54: ombres_final2_A0, ombres_final2_A1
A55: 2026-10-14 19:59 | B55: eec6ca5 +modifs | C55: 5a. Ombres coupees (shadows=0) | D55: adaptive=0, en mouvement, shadows=0 | E55: 2 | F55: zoom 45 + frost 0.6 / public | G55: 11.995 | H55: =IF(G55>0,1000/G55,"") | I55: 10.445 | J55: 8.9 | K55: 2.351 | L55: 3.543 | N55: 0 | O55: ombres_final2_A0, ombres_final2_A1
A56: 2026-10-14 19:59 | B56: eec6ca5 +modifs | C56: 5a. Ombres coupees (shadows=0) | D56: adaptive=0, en mouvement, shadows=0 | E56: 2 | F56: zoom 45 + frost 0.6 / scene | G56: 12.17 | H56: =IF(G56>0,1000/G56,"") | I56: 10.63 | J56: 9.515 | K56: 2.628 | L56: 3.561 | N56: 0 | O56: ombres_final2_A0, ombres_final2_A1
A57: 2026-10-14 19:59 | B57: eec6ca5 +modifs | C57: 5a. Ombres coupees (shadows=0) | D57: adaptive=0, en mouvement, shadows=0 | E57: 2 | F57: zoom 45 + frost 0.6 / sous les trusses | G57: 9.825 | H57: =IF(G57>0,1000/G57,"") | I57: 8.03 | J57: 7.455 | K57: 1.451 | L57: 3.204 | N57: 0 | O57: ombres_final2_A0, ombres_final2_A1
A58: 2026-10-14 19:59 | B58: eec6ca5 +modifs | C58: 5a. Ombres coupees (shadows=0) | D58: adaptive=0, en mouvement, shadows=0 | E58: 2 | F58: sans rebonds (GI) | G58: 7.915 | H58: =IF(G58>0,1000/G58,"") | I58: 6.39 | J58: 5.845 | K58: 1.38 | L58: 1.509 | N58: 0 | O58: ombres_final2_A0, ombres_final2_A1
A59: 2026-10-14 19:59 | B59: eec6ca5 +modifs | C59: 5a. Ombres coupees (shadows=0) | D59: adaptive=0, en mouvement, shadows=0 | E59: 2 | F59: sans fumee volumetrique | G59: 5.54 | H59: =IF(G59>0,1000/G59,"") | I59: 4.335 | J59: 3.985 | K59: 1.638 | L59: 0 | N59: 0 | O59: ombres_final2_A0, ombres_final2_A1
A60: 2026-10-14 19:59 | B60: eec6ca5 +modifs | C60: 5a. Ombres coupees (shadows=0) | D60: adaptive=0, en mouvement, shadows=0 | E60: 2 | F60: sans taches sur surfaces | G60: 7.9 | H60: =IF(G60>0,1000/G60,"") | I60: 6.31 | J60: 5.675 | K60: 0.748 | L60: 2.065 | N60: 0 | O60: ombres_final2_A0, ombres_final2_A1
... A62: 2026-10-14 19:59 | B62: eec6ca5 +modifs | C62: 5a. Ombres coupees (shadows=0) | D62: adaptive=0, en mouvement, shadows=0 | E62: 2 | F62: sans bloom | G62: 8.68 | H62: =IF(G62>0,1000/G62,"") | I62: 6.715 | J62: 6.32 | K62: 1.687 | L62: 2.034 | N62: 0 | O62: ombres_final2_A0, ombres_final2_A1
A63: 2026-10-14 19:59 | B63: eec6ca5 +modifs | C63: 5a. Ombres coupees (shadows=0) | D63: adaptive=0, en mouvement, shadows=0 | E63: 2 | F63: sol mouille / public | G63: 10.365 | H63: =IF(G63>0,1000/G63,"") | I63: 9.085 | J63: 8.365 | K63: 1.747 | L63: 2.048 | M63: 1.031 | N63: 0 | O63: ombres_final2_A0, ombres_final2_A1
A64: 2026-10-14 19:59 | B64: eec6ca5 +modifs | C64: 5a. Ombres coupees (shadows=0) | D64: adaptive=0, en mouvement, shadows=0 | E64: 2 | F64: sol mouille + gobo + prisme 8 / scene | G64: 23.035 | H64: =IF(G64>0,1000/G64,"") | I64: 21.165 | J64: 20.745 | K64: 5.532 | L64: 6.531 | M64: 3.545 | N64: 0 | O64: ombres_final2_A0, ombres_final2_A1
A65: 2026-10-14 19:59 | B65: eec6ca5 +modifs | C65: 5b. Ombres des obstacles (shadows=1) | D65: adaptive=0, en mouvement, shadows=1 | E65: 2 | F65: defaut / public | G65: 9.105 | H65: =IF(G65>0,1000/G65,"") | I65: 7.3 | J65: 6.87 | K65: 1.748 | L65: 2.116 | N65: 95 | O65: ombres_final2_B0, ombres_final2_B1
A66: 2026-10-14 19:59 | B66: eec6ca5 +modifs | C66: 5b. Ombres des obstacles (shadows=1) | D66: adaptive=0, en mouvement, shadows=1 | E66: 2 | F66: defaut / scene | G66: 8.96 | H66: =IF(G66>0,1000/G66,"") | I66: 7.22 | J66: 6.855 | K66: 1.701 | L66: 2.041 | N66: 95 | O66: ombres_final2_B0, ombres_final2_B1
A67: 2026-10-14 19:59 | B67: eec6ca5 +modifs | C67: 5b. Ombres des obstacles (shadows=1) | D67: adaptive=0, en mouvement, shadows=1 | E67: 2 | F67: defaut / sous les trusses | G67: 8.16 | H67: =IF(G67>0,1000/G67,"") | I67: 6.66 | J67: 6.195 | K67: 1.192 | L67: 1.791 | N67: 95 | O67: ombres_final2_B0, ombres_final2_B1
A68: 2026-10-14 19:59 | B68: eec6ca5 +modifs | C68: 5b. Ombres des obstacles (shadows=1) | D68: adaptive=0, en mouvement, shadows=1 | E68: 2 | F68: gobo + prisme 8 + zoom 25 / public | G68: 20.915 | H68: =IF(G68>0,1000/G68,"") | I68: 18.99 | J68: 18.735 | K68: 6.575 | L68: 7.388 | N68: 282 | O68: ombres_final2_B0, ombres_final2_B1
A69: 2026-10-14 19:59 | B69: eec6ca5 +modifs | C69: 5b. Ombres des obstacles (shadows=1) | D69: adaptive=0, en mouvement, shadows=1 | E69: 2 | F69: gobo + prisme 8 + zoom 25 / scene | G69: 19.46 | H69: =IF(G69>0,1000/G69,"") | I69: 17.455 | J69: 17.21 | K69: 5.513 | L69: 6.965 | N69: 282 | O69: ombres_final2_B0, ombres_final2_B1
A70: 2026-10-14 19:59 | B70: eec6ca5 +modifs | C70: 5b. Ombres des obstacles (shadows=1) | D70: adaptive=0, en mouvement, shadows=1 | E70: 2 | F70: gobo + prisme 8 + zoom 25 / sous les trusses | G70: 14.375 | H70: =IF(G70>0,1000/G70,"") | I70: 12.79 | J70: 12.46 | K70: 3.581 | L70: 4.171 | N70: 282 | O70: ombres_final2_B0, ombres_final2_B1
A71: 2026-10-14 19:59 | B71: eec6ca5 +modifs | C71: 5b. Ombres des obstacles (shadows=1) | D71: adaptive=0, en mouvement, shadows=1 | E71: 2 | F71: zoom 45 + frost 0.6 / public | G71: 12.5 | H71: =IF(G71>0,1000/G71,"") | I71: 10.935 | J71: 10.515 | K71: 3.316 | L71: 4.148 | N71: 941 | O71: ombres_final2_B0, ombres_final2_B1
A72: 2026-10-14 19:59 | B72: eec6ca5 +modifs | C72: 5b. Ombres des obstacles (shadows=1) | D72: adaptive=0, en mouvement, shadows=1 | E72: 2 | F72: zoom 45 + frost 0.6 / scene | G72: 12.575 | H72: =IF(G72>0,1000/G72,"") | I72: 11.12 | J72: 10.465 | K72: 3.125 | L72: 4.145 | N72: 941 | O72: ombres_final2_B0, ombres_final2_B1
A73: 2026-10-14 19:59 | B73: eec6ca5 +modifs | C73: 5b. Ombres des obstacles (shadows=1) | D73: adaptive=0, en mouvement, shadows=1 | E73: 2 | F73: zoom 45 + frost 0.6 / sous les trusses | G73: 10.25 | H73: =IF(G73>0,1000/G73,"") | I73: 8.445 | J73: 7.9 | K73: 1.554 | L73: 3.534 | N73: 941 | O73: ombres_final2_B0, ombres_final2_B1
A74: 2026-10-14 19:59 | B74: eec6ca5 +modifs | C74: 5b. Ombres des obstacles (shadows=1) | D74: adaptive=0, en mouvement, shadows=1 | E74: 2 | F74: sans rebonds (GI) | G74: 8.12 | H74: =IF(G74>0,1000/G74,"") | I74: 6.515 | J74: 6.07 | K74: 1.47 | L74: 1.635 | N74: 95 | O74: ombres_final2_B0, ombres_final2_B1
A75: 2026-10-14 19:59 | B75: eec6ca5 +modifs | C75: 5b. Ombres des obstacles (shadows=1) | D75: adaptive=0, en mouvement, shadows=1 | E75: 2 | F75: sans fumee volumetrique | G75: 5.615 | H75: =IF(G75>0,1000/G75,"") | I75: 4.41 | J75: 3.665 | K75: 1.713 | L75: 0 | N75: 95 | O75: ombres_final2_B0, ombres_final2_B1
A76: 2026-10-14 19:59 | B76: eec6ca5 +modifs | C76: 5b. Ombres des obstacles (shadows=1) | D76: adaptive=0, en mouvement, shadows=1 | E76: 2 | F76: sans taches sur surfaces | G76: 8.1 | H76: =IF(G76>0,1000/G76,"") | I76: 6.425 | J76: 6.015 | K76: 0.762 | L76: 2.199 | N76: 95 | O76: ombres_final2_B0, ombres_final2_B1
... A78: 2026-10-14 19:59 | B78: eec6ca5 +modifs | C78: 5b. Ombres des obstacles (shadows=1) | D78: adaptive=0, en mouvement, shadows=1 | E78: 2 | F78: sans bloom | G78: 8.625 | H78: =IF(G78>0,1000/G78,"") | I78: 6.88 | J78: 6.535 | K78: 1.764 | L78: 2.135 | N78: 95 | O78: ombres_final2_B0, ombres_final2_B1
A79: 2026-10-14 19:59 | B79: eec6ca5 +modifs | C79: 5b. Ombres des obstacles (shadows=1) | D79: adaptive=0, en mouvement, shadows=1 | E79: 2 | F79: sol mouille / public | G79: 10.59 | H79: =IF(G79>0,1000/G79,"") | I79: 9.385 | J79: 8.55 | K79: 1.845 | L79: 2.155 | M79: 1.098 | N79: 95 | O79: ombres_final2_B0, ombres_final2_B1
A80: 2026-10-14 19:59 | B80: eec6ca5 +modifs | C80: 5b. Ombres des obstacles (shadows=1) | D80: adaptive=0, en mouvement, shadows=1 | E80: 2 | F80: sol mouille + gobo + prisme 8 / scene | G80: 23.805 | H80: =IF(G80>0,1000/G80,"") | I80: 22.02 | J80: 21.65 | K80: 5.727 | L80: 6.952 | M80: 3.772 | N80: 282 | O80: ombres_final2_B0, ombres_final2_B1
A81: 2026-10-14 20:30 | B81: eec6ca5 +modifs | C81: 6a. Ombres + penombre : coupees (shadows=0) | D81: adaptive=0, en mouvement, shadows=0 | E81: 2 | F81: defaut / public | G81: 8.39 | H81: =IF(G81>0,1000/G81,"") | I81: 7.17 | J81: 6.645 | K81: 1.663 | L81: 1.978 | N81: 0 | O81: penombre_A0, penombre_A1
A82: 2026-10-14 20:30 | B82: eec6ca5 +modifs | C82: 6a. Ombres + penombre : coupees (shadows=0) | D82: adaptive=0, en mouvement, shadows=0 | E82: 2 | F82: defaut / scene | G82: 8.365 | H82: =IF(G82>0,1000/G82,"") | I82: 7.105 | J82: 6.69 | K82: 1.647 | L82: 1.962 | N82: 0 | O82: penombre_A0, penombre_A1
A83: 2026-10-14 20:30 | B83: eec6ca5 +modifs | C83: 6a. Ombres + penombre : coupees (shadows=0) | D83: adaptive=0, en mouvement, shadows=0 | E83: 2 | F83: defaut / sous les trusses | G83: 7.83 | H83: =IF(G83>0,1000/G83,"") | I83: 6.48 | J83: 5.96 | K83: 1.152 | L83: 1.688 | N83: 0 | O83: penombre_A0, penombre_A1
A84: 2026-10-14 20:30 | B84: eec6ca5 +modifs | C84: 6a. Ombres + penombre : coupees (shadows=0) | D84: adaptive=0, en mouvement, shadows=0 | E84: 2 | F84: gobo + prisme 8 + zoom 25 / public | G84: 18.41 | H84: =IF(G84>0,1000/G84,"") | I84: 17.6 | J84: 17.495 | K84: 6.196 | L84: 6.611 | N84: 0 | O84: penombre_A0, penombre_A1
A85: 2026-10-14 20:30 | B85: eec6ca5 +modifs | C85: 6a. Ombres + penombre : coupees (shadows=0) | D85: adaptive=0, en mouvement, shadows=0 | E85: 2 | F85: gobo + prisme 8 + zoom 25 / scene | G85: 17.245 | H85: =IF(G85>0,1000/G85,"") | I85: 16.385 | J85: 16.26 | K85: 5.326 | L85: 6.373 | N85: 0 | O85: penombre_A0, penombre_A1
A86: 2026-10-14 20:30 | B86: eec6ca5 +modifs | C86: 6a. Ombres + penombre : coupees (shadows=0) | D86: adaptive=0, en mouvement, shadows=0 | E86: 2 | F86: gobo + prisme 8 + zoom 25 / sous les trusses | G86: 12.805 | H86: =IF(G86>0,1000/G86,"") | I86: 11.875 | J86: 11.77 | K86: 3.262 | L86: 3.829 | N86: 0 | O86: penombre_A0, penombre_A1
A87: 2026-10-14 20:30 | B87: eec6ca5 +modifs | C87: 6a. Ombres + penombre : coupees (shadows=0) | D87: adaptive=0, en mouvement, shadows=0 | E87: 2 | F87: zoom 45 + frost 0.6 / public | G87: 11.585 | H87: =IF(G87>0,1000/G87,"") | I87: 10.225 | J87: 8.945 | K87: 2.386 | L87: 3.524 | N87: 0 | O87: penombre_A0, penombre_A1
A88: 2026-10-14 20:30 | B88: eec6ca5 +modifs | C88: 6a. Ombres + penombre : coupees (shadows=0) | D88: adaptive=0, en mouvement, shadows=0 | E88: 2 | F88: zoom 45 + frost 0.6 / scene | G88: 11.915 | H88: =IF(G88>0,1000/G88,"") | I88: 10.52 | J88: 9.25 | K88: 2.633 | L88: 3.516 | N88: 0 | O88: penombre_A0, penombre_A1
A89: 2026-10-14 20:30 | B89: eec6ca5 +modifs | C89: 6a. Ombres + penombre : coupees (shadows=0) | D89: adaptive=0, en mouvement, shadows=0 | E89: 2 | F89: zoom 45 + frost 0.6 / sous les trusses | G89: 9.775 | H89: =IF(G89>0,1000/G89,"") | I89: 7.565 | J89: 7.175 | K89: 1.449 | L89: 3.162 | N89: 0 | O89: penombre_A0, penombre_A1
A90: 2026-10-14 20:30 | B90: eec6ca5 +modifs | C90: 6a. Ombres + penombre : coupees (shadows=0) | D90: adaptive=0, en mouvement, shadows=0 | E90: 2 | F90: sans rebonds (GI) | G90: 7.62 | H90: =IF(G90>0,1000/G90,"") | I90: 6.355 | J90: 5.88 | K90: 1.434 | L90: 1.51 | N90: 0 | O90: penombre_A0, penombre_A1
A91: 2026-10-14 20:30 | B91: eec6ca5 +modifs | C91: 6a. Ombres + penombre : coupees (shadows=0) | D91: adaptive=0, en mouvement, shadows=0 | E91: 2 | F91: sans fumee volumetrique | G91: 5.255 | H91: =IF(G91>0,1000/G91,"") | I91: 4.26 | J91: 3.785 | K91: 1.665 | L91: 0 | N91: 0 | O91: penombre_A0, penombre_A1
A92: 2026-10-14 20:30 | B92: eec6ca5 +modifs | C92: 6a. Ombres + penombre : coupees (shadows=0) | D92: adaptive=0, en mouvement, shadows=0 | E92: 2 | F92: sans taches sur surfaces | G92: 7.56 | H92: =IF(G92>0,1000/G92,"") | I92: 6.27 | J92: 5.62 | K92: 0.767 | L92: 2.024 | N92: 0 | O92: penombre_A0, penombre_A1
... A94: 2026-10-14 20:30 | B94: eec6ca5 +modifs | C94: 6a. Ombres + penombre : coupees (shadows=0) | D94: adaptive=0, en mouvement, shadows=0 | E94: 2 | F94: sans bloom | G94: 8.535 | H94: =IF(G94>0,1000/G94,"") | I94: 6.835 | J94: 6.325 | K94: 1.715 | L94: 2.046 | N94: 0 | O94: penombre_A0, penombre_A1
A95: 2026-10-14 20:30 | B95: eec6ca5 +modifs | C95: 6a. Ombres + penombre : coupees (shadows=0) | D95: adaptive=0, en mouvement, shadows=0 | E95: 2 | F95: sol mouille / public | G95: 10.54 | H95: =IF(G95>0,1000/G95,"") | I95: 9.705 | J95: 10.08 | K95: 1.752 | L95: 2.017 | M95: 1.022 | N95: 0 | O95: penombre_A0, penombre_A1
A96: 2026-10-14 20:30 | B96: eec6ca5 +modifs | C96: 6a. Ombres + penombre : coupees (shadows=0) | D96: adaptive=0, en mouvement, shadows=0 | E96: 2 | F96: sol mouille + gobo + prisme 8 / scene | G96: 24.67 | H96: =IF(G96>0,1000/G96,"") | I96: 23.92 | J96: 23.825 | K96: 5.905 | L96: 6.375 | M96: 5.483 | N96: 0 | O96: penombre_A0, penombre_A1
A97: 2026-10-14 20:30 | B97: eec6ca5 +modifs | C97: 6b. Ombres + penombre sur surfaces (shadows=1) | D97: adaptive=0, en mouvement, shadows=1 | E97: 2 | F97: defaut / public | G97: 8.65 | H97: =IF(G97>0,1000/G97,"") | I97: 7.225 | J97: 6.745 | K97: 1.745 | L97: 2.075 | N97: 95 | O97: penombre_B0, penombre_B1
A98: 2026-10-14 20:30 | B98: eec6ca5 +modifs | C98: 6b. Ombres + penombre sur surfaces (shadows=1) | D98: adaptive=0, en mouvement, shadows=1 | E98: 2 | F98: defaut / scene | G98: 8.72 | H98: =IF(G98>0,1000/G98,"") | I98: 7.125 | J98: 6.74 | K98: 1.7 | L98: 2 | N98: 95 | O98: penombre_B0, penombre_B1
A99: 2026-10-14 20:30 | B99: eec6ca5 +modifs | C99: 6b. Ombres + penombre sur surfaces (shadows=1) | D99: adaptive=0, en mouvement, shadows=1 | E99: 2 | F99: defaut / sous les trusses | G99: 7.995 | H99: =IF(G99>0,1000/G99,"") | I99: 6.655 | J99: 6.095 | K99: 1.206 | L99: 1.754 | N99: 95 | O99: penombre_B0, penombre_B1
A100: 2026-10-14 20:30 | B100: eec6ca5 +modifs | C100: 6b. Ombres + penombre sur surfaces (shadows=1) | D100: adaptive=0, en mouvement, shadows=1 | E100: 2 | F100: gobo + prisme 8 + zoom 25 / public | G100: 19.95 | H100: =IF(G100>0,1000/G100,"") | I100: 19.18 | J100: 19.045 | K100: 6.747 | L100: 7.535 | N100: 282 | O100: penombre_B0, penombre_B1
A101: 2026-10-14 20:30 | B101: eec6ca5 +modifs | C101: 6b. Ombres + penombre sur surfaces (shadows=1) | D101: adaptive=0, en mouvement, shadows=1 | E101: 2 | F101: gobo + prisme 8 + zoom 25 / scene | G101: 18.56 | H101: =IF(G101>0,1000/G101,"") | I101: 17.635 | J101: 17.485 | K101: 5.767 | L101: 6.983 | N101: 282 | O101: penombre_B0, penombre_B1
A102: 2026-10-14 20:30 | B102: eec6ca5 +modifs | C102: 6b. Ombres + penombre sur surfaces (shadows=1) | D102: adaptive=0, en mouvement, shadows=1 | E102: 2 | F102: gobo + prisme 8 + zoom 25 / sous les trusses | G102: 13.725 | H102: =IF(G102>0,1000/G102,"") | I102: 12.805 | J102: 12.775 | K102: 3.74 | L102: 4.24 | N102: 282 | O102: penombre_B0, penombre_B1
A103: 2026-10-14 20:30 | B103: eec6ca5 +modifs | C103: 6b. Ombres + penombre sur surfaces (shadows=1) | D103: adaptive=0, en mouvement, shadows=1 | E103: 2 | F103: zoom 45 + frost 0.6 / public | G103: 12.185 | H103: =IF(G103>0,1000/G103,"") | I103: 11.125 | J103: 10.61 | K103: 3.512 | L103: 4.226 | N103: 941 | O103: penombre_B0, penombre_B1
A104: 2026-10-14 20:30 | B104: eec6ca5 +modifs | C104: 6b. Ombres + penombre sur surfaces (shadows=1) | D104: adaptive=0, en mouvement, shadows=1 | E104: 2 | F104: zoom 45 + frost 0.6 / scene | G104: 12.355 | H104: =IF(G104>0,1000/G104,"") | I104: 11.23 | J104: 10.765 | K104: 3.353 | L104: 4.113 | N104: 941 | O104: penombre_B0, penombre_B1
A105: 2026-10-14 20:30 | B105: eec6ca5 +modifs | C105: 6b. Ombres + penombre sur surfaces (shadows=1) | D105: adaptive=0, en mouvement, shadows=1 | E105: 2 | F105: zoom 45 + frost 0.6 / sous les trusses | G105: 10.305 | H105: =IF(G105>0,1000/G105,"") | I105: 8.49 | J105: 7.81 | K105: 1.59 | L105: 3.526 | N105: 941 | O105: penombre_B0, penombre_B1
A106: 2026-10-14 20:30 | B106: eec6ca5 +modifs | C106: 6b. Ombres + penombre sur surfaces (shadows=1) | D106: adaptive=0, en mouvement, shadows=1 | E106: 2 | F106: sans rebonds (GI) | G106: 7.825 | H106: =IF(G106>0,1000/G106,"") | I106: 6.495 | J106: 6.275 | K106: 1.547 | L106: 1.671 | N106: 95 | O106: penombre_B0, penombre_B1
A107: 2026-10-14 20:30 | B107: eec6ca5 +modifs | C107: 6b. Ombres + penombre sur surfaces (shadows=1) | D107: adaptive=0, en mouvement, shadows=1 | E107: 2 | F107: sans fumee volumetrique | G107: 5.36 | H107: =IF(G107>0,1000/G107,"") | I107: 4.34 | J107: 3.555 | K107: 1.711 | L107: 0 | N107: 95 | O107: penombre_B0, penombre_B1
A108: 2026-10-14 20:30 | B108: eec6ca5 +modifs | C108: 6b. Ombres + penombre sur surfaces (shadows=1) | D108: adaptive=0, en mouvement, shadows=1 | E108: 2 | F108: sans taches sur surfaces | G108: 7.735 | H108: =IF(G108>0,1000/G108,"") | I108: 6.375 | J108: 5.845 | K108: 0.794 | L108: 2.151 | N108: 95 | O108: penombre_B0, penombre_B1
... A110: 2026-10-14 20:30 | B110: eec6ca5 +modifs | C110: 6b. Ombres + penombre sur surfaces (shadows=1) | D110: adaptive=0, en mouvement, shadows=1 | E110: 2 | F110: sans bloom | G110: 8.625 | H110: =IF(G110>0,1000/G110,"") | I110: 7.025 | J110: 6.61 | K110: 1.796 | L110: 2.123 | N110: 95 | O110: penombre_B0, penombre_B1
A111: 2026-10-14 20:30 | B111: eec6ca5 +modifs | C111: 6b. Ombres + penombre sur surfaces (shadows=1) | D111: adaptive=0, en mouvement, shadows=1 | E111: 2 | F111: sol mouille / public | G111: 10.32 | H111: =IF(G111>0,1000/G111,"") | I111: 9.15 | J111: 8.64 | K111: 1.853 | L111: 2.109 | M111: 1.095 | N111: 95 | O111: penombre_B0, penombre_B1
A112: 2026-10-14 20:30 | B112: eec6ca5 +modifs | C112: 6b. Ombres + penombre sur surfaces (shadows=1) | D112: adaptive=0, en mouvement, shadows=1 | E112: 2 | F112: sol mouille + gobo + prisme 8 / scene | G112: 22.985 | H112: =IF(G112>0,1000/G112,"") | I112: 22.335 | J112: 22.23 | K112: 6.171 | L112: 7.024 | M112: 4.091 | N112: 282 | O112: penombre_B0, penombre_B1
A113: 2026-10-14 21:34 | B113: da54e7e +modifs | C113: 7a. Aberration chromatique codee, coupee (atlas R32F garde) | D113: adaptive=0, en mouvement, chroma=0 | E113: 2 | F113: defaut / public | G113: 8.56 | H113: =IF(G113>0,1000/G113,"") | I113: 7.13 | J113: 6.53 | K113: 1.679 | L113: 2.075 | N113: 95 | O113: ca_v5_format_B0, ca_v5_format_B1
A114: 2026-10-14 21:34 | B114: da54e7e +modifs | C114: 7a. Aberration chromatique codee, coupee (atlas R32F garde) | D114: adaptive=0, en mouvement, chroma=0 | E114: 2 | F114: defaut / scene | G114: 8.735 | H114: =IF(G114>0,1000/G114,"") | I114: 7.21 | J114: 6.71 | K114: 1.62 | L114: 2.003 | N114: 95 | O114: ca_v5_format_B0, ca_v5_format_B1
A115: 2026-10-14 21:34 | B115: da54e7e +modifs | C115: 7a. Aberration chromatique codee, coupee (atlas R32F garde) | D115: adaptive=0, en mouvement, chroma=0 | E115: 2 | F115: defaut / sous les trusses | G115: 7.93 | H115: =IF(G115>0,1000/G115,"") | I115: 6.585 | J115: 6.13 | K115: 1.187 | L115: 1.79 | N115: 95 | O115: ca_v5_format_B0, ca_v5_format_B1
A116: 2026-10-14 21:34 | B116: da54e7e +modifs | C116: 7a. Aberration chromatique codee, coupee (atlas R32F garde) | D116: adaptive=0, en mouvement, chroma=0 | E116: 2 | F116: gobo + prisme 8 + zoom 25 / public | G116: 20.54 | H116: =IF(G116>0,1000/G116,"") | I116: 19.51 | J116: 19.24 | K116: 6.647 | L116: 7.519 | N116: 282 | O116: ca_v5_format_B0, ca_v5_format_B1
A117: 2026-10-14 21:34 | B117: da54e7e +modifs | C117: 7a. Aberration chromatique codee, coupee (atlas R32F garde) | D117: adaptive=0, en mouvement, chroma=0 | E117: 2 | F117: gobo + prisme 8 + zoom 25 / scene | G117: 19.82 | H117: =IF(G117>0,1000/G117,"") | I117: 18.635 | J117: 18.46 | K117: 5.921 | L117: 7.033 | N117: 282 | O117: ca_v5_format_B0, ca_v5_format_B1
A118: 2026-10-14 21:34 | B118: da54e7e +modifs | C118: 7a. Aberration chromatique codee, coupee (atlas R32F garde) | D118: adaptive=0, en mouvement, chroma=0 | E118: 2 | F118: gobo + prisme 8 + zoom 25 / sous les trusses | G118: 14.855 | H118: =IF(G118>0,1000/G118,"") | I118: 13.725 | J118: 13.665 | K118: 3.681 | L118: 4.184 | N118: 282 | O118: ca_v5_format_B0, ca_v5_format_B1
A119: 2026-10-14 21:34 | B119: da54e7e +modifs | C119: 7a. Aberration chromatique codee, coupee (atlas R32F garde) | D119: adaptive=0, en mouvement, chroma=0 | E119: 2 | F119: zoom 45 + frost 0.6 / public | G119: 12.85 | H119: =IF(G119>0,1000/G119,"") | I119: 11.385 | J119: 10.74 | K119: 3.487 | L119: 4.241 | N119: 941 | O119: ca_v5_format_B0, ca_v5_format_B1
A120: 2026-10-14 21:34 | B120: da54e7e +modifs | C120: 7a. Aberration chromatique codee, coupee (atlas R32F garde) | D120: adaptive=0, en mouvement, chroma=0 | E120: 2 | F120: zoom 45 + frost 0.6 / scene | G120: 12.68 | H120: =IF(G120>0,1000/G120,"") | I120: 11.27 | J120: 10.855 | K120: 3.348 | L120: 4.163 | N120: 941 | O120: ca_v5_format_B0, ca_v5_format_B1
A121: 2026-10-14 21:34 | B121: da54e7e +modifs | C121: 7a. Aberration chromatique codee, coupee (atlas R32F garde) | D121: adaptive=0, en mouvement, chroma=0 | E121: 2 | F121: zoom 45 + frost 0.6 / sous les trusses | G121: 10.015 | H121: =IF(G121>0,1000/G121,"") | I121: 8.53 | J121: 7.86 | K121: 1.651 | L121: 3.517 | N121: 941 | O121: ca_v5_format_B0, ca_v5_format_B1
A122: 2026-10-14 21:34 | B122: da54e7e +modifs | C122: 7a. Aberration chromatique codee, coupee (atlas R32F garde) | D122: adaptive=0, en mouvement, chroma=0 | E122: 2 | F122: sans rebonds (GI) | G122: 8.02 | H122: =IF(G122>0,1000/G122,"") | I122: 6.44 | J122: 5.89 | K122: 1.442 | L122: 1.613 | N122: 95 | O122: ca_v5_format_B0, ca_v5_format_B1
A123: 2026-10-14 21:34 | B123: da54e7e +modifs | C123: 7a. Aberration chromatique codee, coupee (atlas R32F garde) | D123: adaptive=0, en mouvement, chroma=0 | E123: 2 | F123: sans fumee volumetrique | G123: 5.37 | H123: =IF(G123>0,1000/G123,"") | I123: 4.365 | J123: 3.61 | K123: 1.681 | L123: 0 | N123: 95 | O123: ca_v5_format_B0, ca_v5_format_B1
A124: 2026-10-14 21:34 | B124: da54e7e +modifs | C124: 7a. Aberration chromatique codee, coupee (atlas R32F garde) | D124: adaptive=0, en mouvement, chroma=0 | E124: 2 | F124: sans taches sur surfaces | G124: 7.75 | H124: =IF(G124>0,1000/G124,"") | I124: 6.425 | J124: 5.925 | K124: 0.819 | L124: 2.141 | N124: 95 | O124: ca_v5_format_B0, ca_v5_format_B1
... A126: 2026-10-14 21:34 | B126: da54e7e +modifs | C126: 7a. Aberration chromatique codee, coupee (atlas R32F garde) | D126: adaptive=0, en mouvement, chroma=0 | E126: 2 | F126: sans bloom | G126: 8.35 | H126: =IF(G126>0,1000/G126,"") | I126: 7.115 | J126: 6.63 | K126: 1.749 | L126: 2.171 | N126: 95 | O126: ca_v5_format_B0, ca_v5_format_B1
A127: 2026-10-14 21:34 | B127: da54e7e +modifs | C127: 7a. Aberration chromatique codee, coupee (atlas R32F garde) | D127: adaptive=0, en mouvement, chroma=0 | E127: 2 | F127: sol mouille / public | G127: 10.615 | H127: =IF(G127>0,1000/G127,"") | I127: 9.44 | J127: 8.885 | K127: 1.806 | L127: 2.148 | M127: 1.073 | N127: 95 | O127: ca_v5_format_B0, ca_v5_format_B1
A128: 2026-10-14 21:34 | B128: da54e7e +modifs | C128: 7a. Aberration chromatique codee, coupee (atlas R32F garde) | D128: adaptive=0, en mouvement, chroma=0 | E128: 2 | F128: sol mouille + gobo + prisme 8 / scene | G128: 24.54 | H128: =IF(G128>0,1000/G128,"") | I128: 23.73 | J128: 23.4 | K128: 5.886 | L128: 7.014 | M128: 4.896 | N128: 282 | O128: ca_v5_format_B0, ca_v5_format_B1
A129: 2026-10-14 21:34 | B129: da54e7e +modifs | C129: 7b. Aberration chromatique coupee (banc rapide) | D129: adaptive=0, en mouvement, banc rapide (--fast), chroma=0 | E129: 2 | F129: defaut / public | G129: 8.25 | H129: =IF(G129>0,1000/G129,"") | I129: 6.875 | J129: 6.305 | K129: 1.636 | L129: 1.973 | N129: 95 | O129: ca_v5_A0, ca_v5_A1
A130: 2026-10-14 21:34 | B130: da54e7e +modifs | C130: 7b. Aberration chromatique coupee (banc rapide) | D130: adaptive=0, en mouvement, banc rapide (--fast), chroma=0 | E130: 2 | F130: defaut / scene | G130: 8.36 | H130: =IF(G130>0,1000/G130,"") | I130: 7.01 | J130: 6.45 | K130: 1.583 | L130: 1.945 | N130: 95 | O130: ca_v5_A0, ca_v5_A1
A131: 2026-10-14 21:34 | B131: da54e7e +modifs | C131: 7b. Aberration chromatique coupee (banc rapide) | D131: adaptive=0, en mouvement, banc rapide (--fast), chroma=0 | E131: 2 | F131: defaut / sous les trusses | G131: 7.59 | H131: =IF(G131>0,1000/G131,"") | I131: 6.59 | J131: 5.85 | K131: 1.163 | L131: 1.679 | N131: 95 | O131: ca_v5_A0, ca_v5_A1
A132: 2026-10-14 21:34 | B132: da54e7e +modifs | C132: 7b. Aberration chromatique coupee (banc rapide) | D132: adaptive=0, en mouvement, banc rapide (--fast), chroma=0 | E132: 2 | F132: gobo + prisme 8 + zoom 25 / public | G132: 19.265 | H132: =IF(G132>0,1000/G132,"") | I132: 18.405 | J132: 18.225 | K132: 6.259 | L132: 7.221 | N132: 273 | O132: ca_v5_A0, ca_v5_A1
A133: 2026-10-14 21:34 | B133: da54e7e +modifs | C133: 7b. Aberration chromatique coupee (banc rapide) | D133: adaptive=0, en mouvement, banc rapide (--fast), chroma=0 | E133: 2 | F133: gobo + prisme 8 + zoom 25 / scene | G133: 17.23 | H133: =IF(G133>0,1000/G133,"") | I133: 16.365 | J133: 16.21 | K133: 5.069 | L133: 6.412 | N133: 273 | O133: ca_v5_A0, ca_v5_A1
A134: 2026-10-14 21:34 | B134: da54e7e +modifs | C134: 7b. Aberration chromatique coupee (banc rapide) | D134: adaptive=0, en mouvement, banc rapide (--fast), chroma=0 | E134: 2 | F134: gobo + prisme 8 + zoom 25 / sous les trusses | G134: 13.28 | H134: =IF(G134>0,1000/G134,"") | I134: 12.345 | J134: 12.225 | K134: 3.351 | L134: 3.978 | N134: 273 | O134: ca_v5_A0, ca_v5_A1
...

Sheet Comparaison
A1: img/s reelles
A2: Cas | B2: 1. Reference avant sol texture | C2: 2. Sol beton texture (Concrete031) | D2: 3. Sol mouille 0,8 + reflet miroir | E2: 4. Faisceaux coupes aux obstacles + cube (banc rapide) | F2: 5a. Ombres coupees (shadows=0) | G2: 5b. Ombres des obstacles (shadows=1) | H2: 6a. Ombres + penombre : coupees (shadows=0) | I2: 6b. Ombres + penombre sur surfaces (shadows=1) | J2: 7a. Aberration chromatique codee, coupee (atlas R32F garde) | K2: 7b. Aberration chromatique coupee (banc rapide) | L2: 7c. Aberration chromatique active (banc rapide) | M2: 7e0. Essai v0 : aberration, enveloppe +2 %, chroma=1 | N2: 7e1. Essai v1 : enveloppe inchangee, flou par couleur, chroma=1 | O2: 7e3. Essai v3 : cache pour toutes les lyres, chroma=1 | P2: 7e4. Essai v4 : cache recalcule s'il change (RGBA16F), chroma=1 | Q2: 8. Longueur exacte des faisceaux arretes par le sol (bout des taches rasantes) | R2: 9a. Eau au sol : creux, flaques nettes, variante seche du shader | S2: 9b. Eau au sol a 10 % | T2: 9e. Essai : creux en trilineaire (abandonne) | U2: 10a. Reflet seulement dans l'eau (masque par blocs), eau 0,1 | V2: 10b. Reflet seulement dans l'eau, eau 0,3 | W2: 10c. Reflet seulement dans l'eau, eau 1 | X2: 10e1. Essai masque : 1 point par pixel du miroir (creux manques) | Y2: 10e3. Essai masque : faisceaux seulement dans les flaques (pores plus sombres) | Z2: 11. Lasers (prototype) : banc des lyres inchange | AA2: 11a. Lasers : triangles en addition (prototype) | AB2: 11b. Lasers : tuiles en calcul (prototype) | AC2: 12. Lasers : traits seuls (eventails de 16 traits au plus), nappe lisse allegee, triangles retires | AD2: 13a. Lasers, essai degrades v1 (meme shader, 6 vec4) | AE2: 13b. Lasers, essai degrades v2 (interpolation allegee) | AF2: 13c. Lasers, degrades : deux variantes du shader (gardee) | AG2: 13. Lasers : moteur et onglet Lasers (etape 2), formes, degrades, effets, boitiers, cas L7 | AH2: 14. Lasers : fumee de la piece (coupee, laserfog=0) | AI2: 14. Lasers : fumee de la piece (laserfog=1) | AJ2: 15. Lasers : diffusion avant 1 lobe (laserphase=0) | AK2: 15. Lasers : diffusion avant 2 lobes (laserphase=1) | AL2: 16. Lasers : volutes coupees (volutes=0) | AM2: 16. Lasers : volutes 1 octave (BC5 64^3, 1,6 m) | AN2: 17. Lasers : volutes, 2e octave coupee (volfine=0) | AO2: 17. Lasers : volutes, 2e octave de pres (volfine=1, portee -1) | AP2: 18. Lasers : variantes du shader, tout coupe (variante 0) | AQ2: 18. Lasers : variante 1 (fumee de la piece, 2 lobes) | AR2: 18. Lasers : variante 3 (+ volutes, 2 octaves) | AS2: 19. Lasers : etape 3 avant (reference) | AT2: 19. Lasers : etape 3 finale (fumee de la piece RG8, 2 lobes, volutes) | AU2: 19. Lyres : etape 3 finale (texture des amas RG8) | AV2: 20. Lasers : lecture ILDA, mode ligne, 16 384 segments | AW2: 20a. Essai ecarte : variante nappes et traits seuls (coupee) | AX2: 20a. Essai ecarte : variante nappes et traits seuls (active) | AY2: 20. Lyres : lecture ILDA (inchange) | AZ2: 21. Lasers : collisions, code present coupe (lasercoll=0) | BA2: 21. Lasers : collisions actives (essai, test avec branchement) | BB2: 22. Lasers : impacts coupes (laserimpacts=0) | BC2: 22. Lasers : impacts sur les surfaces | BD2: 22b. Lasers : etape 5 (collisions + impacts), en mouvement | BE2: 22b. Lyres : etape 5 (inchange) | BF2: 23. arcs : silhouettes adoucies, pyramide coupee a l'ecran et aux parois, passe des arcs a part | BG2: 24. Lasers : etape 9 (moteur de trace, arcs arretes sur les faces, formes par trace, plusieurs coeurs, cache des figures fixes) | BH2: 24. Lyres : etape 9 (inchange) | BI2: 25. Lasers : sorties sans traits parasites, blanchiment (camera) et lueur de sortie | BJ2: 25. Lyres : sorties et blanchiment des lasers (inchange) | BK2: 26. Lyres superposees a 1/4 (cases chargees) + diffus par direction des lyres douces + gobo ouvert sans lecture | BL2: 27. Lyres superposees a 1/4 seulement pour les grandes taches floues + scintillement du sol + variante legere des lyres frost | BM2: 28. AMD FSR 1 (EASU + RCAS), coupe par defaut | BN2: 29. Faisceaux 1/2 et 1/4 : flou a la taille d'un pixel de la fumee (plus de marches au bord des cones) | BO2: 30. Lasers : rendu photo (bords brillants 1, halo 0,1) + corrections des coupes | BP2: 30. Lasers : rendu photo, bords et halo coupes (laseredge=0, laserhalo=0) | BQ2: 30. Lyres : rendu photo des lasers (inchange) | BR2: 31. Lasers : convergence RGB 0,3 mrad + aberration objectif 0,2 % (avec le rendu photo) | BS2: 31. Lasers : convergence et objectif coupes (laserconv=0, laserlensca=0) | BT2: 31. Lyres : convergence RGB des lasers (inchange) | BU2: 32. Lasers : convergence RGB, un seul calcul pour les couleurs pures | BV2: 32. Lasers : L7 multicolore, rendu photo et convergence actifs | BW2: 32. Lasers : L7 multicolore, convergence et objectif coupes | BX2: 33. Fumee des lasers v2, etape 1 : texture des amas en RGBA8 (modele Classique) | BY2: 33. Fumee des lasers v2, etape 1 : modele Spatiale (carte seule, variante 1) | BZ2: 34. Fumee des lasers v2, etape 2 : nuages par erosion (variante 4) | CA2: 34. Fumee des lasers v2, etape 2 : sans les nuages (sferode=0, variante 1) | CB2: 34. Fumee des lasers v2, etape 2 : modele Classique (meme executable) | CC2: 34. Fumee des lasers v2, etape 2 : banc des lyres | CD2: 35. Fumee des lasers v2, etape 3 : tourbillons (3 sinus), sans filaments (variante 4) [INVALIDE : variante 2 du Classique mesuree (erreur corrigee), voir 37] | CE2: 35. Fumee des lasers v2, etape 3 : tourbillons et filaments de pres (variante 5 si un eventail passe pres) | CF2: 35. Fumee des lasers v2, etape 3 : modele Classique (bloc d'uniformes agrandi) | CG2: 36. Fumee des lasers v2, etape 4 : Classique (meme executable) | CH2: 36. Fumee des lasers v2, etape 4 : prereglage 3 Concert | CI2: 36. Fumee des lasers v2, etape 4 : prereglage 1 Hazer propre | CJ2: 36. Fumee des lasers v2, etape 4 : prereglage 5 Marbre de pres | CK2: 37. Fumee des lasers v2 : bancs seuilles par pixel, bords nuageux ; Classique (meme executable) | CL2: 37. Fumee des lasers v2 : bancs seuilles par pixel, bords nuageux ; Concert sans filaments (variante 4) | CM2: 37. Fumee des lasers v2 : bancs seuilles par pixel, bords nuageux ; Concert avec filaments (variante 5) | CN2: 38. Fumee des lasers v2 : salle composee ; Classique (meme executable) | CO2: 38. Fumee des lasers v2 : salle composee (sfpreset=6, filaments de l'utilisateur : force 1, 2 m, portee 1) | CP2: 38. Fumee des lasers v2 : salle composee sans filaments | CQ2: 39. Fumee des lasers v2 : salle composee en degrade (deux ambiances superposees) ; Classique (meme executable) | CR2: 39. Fumee des lasers v2 : salle composee en degrade (sfpreset=6, filaments de l'utilisateur) | CS2: 39. Fumee des lasers v2 : salle composee en degrade, sans filaments | CT2: 40. Spectacles laser (generateur de 30 scenes, 10 effets ajoutes) : banc des lasers inchange (avant -3,1 a +1,6 %, images identiques) | CU2: 41. Lasers : convergence RGB optimisee (traits en un calcul, impacts plafonnes, variante sans convergence, halo au quart, franges invisibles sautees, impacts des arcs) | CV2: 41. Lasers : convergence et objectif coupes (meme executable) | CW2: 42. Lasers : impacts en quadrilatere exact (au lieu de carres de marge) + bords des nappes par couleur seulement pres du bord | CX2: 43. Optim. lasers etape 1 : journal par image (fumee CPU, Present) et compteurs de mesure (--stats) ; image et shaders inchanges | CY2: 44. Optim. lasers etape 2 : fumee CPU en tache de fond (3 coeurs) ; presentation avec dechirure (bancs : 2 tampons, spectacle : 3 tampons, latence 2) | CZ2: 45. Optim. lasers etape 3 : passes de fumee des lyres sautees sans lyre allumee (0.9) ; 0.3 et 0.4 essayes, sans gain, retires | DA2: 46. Optim. lasers etape 4 (essai, non garde) : lumiere lente interpolee par tuile sur les nappes planes, tolerance 2 % | DB2: 47. Optim. lasers etape 5 : morceaux voisins d'un meme cercle fusionnes (cones : 2 morceaux par cercle au lieu de 4) | DC2: 48. Optim. lasers etape 7 : resolution adaptative des lasers (80, 70, 50 % sous 60 img/s), agrandissement selon la profondeur | DD2: 49. Impacts des arcs : decoupage par face en tranches de 22,5 deg (traits au sol qui clignotaient) | DE2: 50. Impacts : largeur minimale comptee a l'ecran (traits au sol en pointilles au loin), laserhitmin=0 | DF2: 50. Impacts : largeur minimale comptee a l'ecran (traits au sol en pointilles au loin), laserhitmin=1 | DG2: 51. Lumiere des lasers dans la piece (VPL dans les sondes), lasergi=0 | DH2: 51. Lumiere des lasers dans la piece (VPL dans les sondes), lasergi=1 | DI2: 51. Lumiere des lasers dans la piece : banc des lyres (lasergi=0 par defaut) | DJ2: 52. Reflets du sol mouille : lasers dans le reflet, beton mouille flou, flou des flaques | DK2: 52. Reflets du sol mouille : banc des lasers
A3: defaut / public | B3: =IFERROR(AVERAGEIFS(Mesures!$H:$H,Mesures!$F:$F,$A3,Mesures!$C:$C,B$2),"") | C3: =IFERROR(AVERAGEIFS(Mesures!$H:$H,Mesures!$F:$F,$A3,Mesures!$C:$C,C$2),"") | D3: =IFERROR(AVERAGEIFS(Mesures!$H:$H,Mesures!$F:$F,$A3,Mesures!$C:$C,D$2),"") | E3: =IFERROR(AVERAGEIFS(Mesures!$H:$H,Mesures!$F:$F,$A3,Mesures!$C:$C,E$2),"") | F3: =IFERROR(AVERAGEIFS(Mesures!$H:$H,Mesures!$F:$F,$A3,Mesures!$C:$C,F$2),"") | G3: =IFERROR(AVERAGEIFS(Mesures!$H:$H,Mesures!$F:$F,$A3,Mesures!$C:$C,G$2),"") | H3: =IFERROR(AVERAGEIFS(Mesures!$H:$H,Mesures!$F:$F,$A3,Mesures!$C:$C,H$2),"") | I3: =IFERROR(AVERAGEIFS(Mesures!$H:$H,Mesures!$F:$F,$A3,Mesures!$C:$C,I$2),"") | ... DK3: =IFERROR(AVERAGEIFS(Mesures!$H:$H,Mesures!$F:$F,$A3,Mesures!$C:$C,DK$2),"")
A4: defaut / scene | B4: =IFERROR(AVERAGEIFS(Mesures!$H:$H,Mesures!$F:$F,$A4,Mesures!$C:$C,B$2),"") | C4: =IFERROR(AVERAGEIFS(Mesures!$H:$H,Mesures!$F:$F,$A4,Mesures!$C:$C,C$2),"") | D4: =IFERROR(AVERAGEIFS(Mesures!$H:$H,Mesures!$F:$F,$A4,Mesures!$C:$C,D$2),"") | E4: =IFERROR(AVERAGEIFS(Mesures!$H:$H,Mesures!$F:$F,$A4,Mesures!$C:$C,E$2),"") | F4: =IFERROR(AVERAGEIFS(Mesures!$H:$H,Mesures!$F:$F,$A4,Mesures!$C:$C,F$2),"") | G4: =IFERROR(AVERAGEIFS(Mesures!$H:$H,Mesures!$F:$F,$A4,Mesures!$C:$C,G$2),"") | H4: =IFERROR(AVERAGEIFS(Mesures!$H:$H,Mesures!$F:$F,$A4,Mesures!$C:$C,H$2),"") | I4: =IFERROR(AVERAGEIFS(Mesures!$H:$H,Mesures!$F:$F,$A4,Mesures!$C:$C,I$2),"") | ... DK4: =IFERROR(AVERAGEIFS(Mesures!$H:$H,Mesures!$F:$F,$A4,Mesures!$C:$C,DK$2),"")
A5: defaut / sous les trusses | B5: =IFERROR(AVERAGEIFS(Mesures!$H:$H,Mesures!$F:$F,$A5,Mesures!$C:$C,B$2),"") | C5: =IFERROR(AVERAGEIFS(Mesures!$H:$H,Mesures!$F:$F,$A5,Mesures!$C:$C,C$2),"") | D5: =IFERROR(AVERAGEIFS(Mesures!$H:$H,Mesures!$F:$F,$A5,Mesures!$C:$C,D$2),"") | E5: =IFERROR(AVERAGEIFS(Mesures!$H:$H,Mesures!$F:$F,$A5,Mesures!$C:$C,E$2),"") | F5: =IFERROR(AVERAGEIFS(Mesures!$H:$H,Mesures!$F:$F,$A5,Mesures!$C:$C,F$2),"") | G5: =IFERROR(AVERAGEIFS(Mesures!$H:$H,Mesures!$F:$F,$A5,Mesures!$C:$C,G$2),"") | H5: =IFERROR(AVERAGEIFS(Mesures!$H:$H,Mesures!$F:$F,$A5,Mesures!$C:$C,H$2),"") | I5: =IFERROR(AVERAGEIFS(Mesures!$H:$H,Mesures!$F:$F,$A5,Mesures!$C:$C,I$2),"") | ... DK5: =IFERROR(AVERAGEIFS(Mesures!$H:$H,Mesures!$F:$F,$A5,Mesures!$C:$C,DK$2),"")
A6: gobo + prisme 8 + zoom 25 / public | B6: =IFERROR(AVERAGEIFS(Mesures!$H:$H,Mesures!$F:$F,$A6,Mesures!$C:$C,B$2),"") | C6: =IFERROR(AVERAGEIFS(Mesures!$H:$H,Mesures!$F:$F,$A6,Mesures!$C:$C,C$2),"") | D6: =IFERROR(AVERAGEIFS(Mesures!$H:$H,Mesures!$F:$F,$A6,Mesures!$C:$C,D$2),"") | E6: =IFERROR(AVERAGEIFS(Mesures!$H:$H,Mesures!$F:$F,$A6,Mesures!$C:$C,E$2),"") | F6: =IFERROR(AVERAGEIFS(Mesures!$H:$H,Mesures!$F:$F,$A6,Mesures!$C:$C,F$2),"") | G6: =IFERROR(AVERAGEIFS(Mesures!$H:$H,Mesures!$F:$F,$A6,Mesures!$C:$C,G$2),"") | H6: =IFERROR(AVERAGEIFS(Mesures!$H:$H,Mesures!$F:$F,$A6,Mesures!$C:$C,H$2),"") | I6: =IFERROR(AVERAGEIFS(Mesures!$H:$H,Mesures!$F:$F,$A6,Mesures!$C:$C,I$2),"") | ... DK6: =IFERROR(AVERAGEIFS(Mesures!$H:$H,Mesures!$F:$F,$A6,Mesures!$C:$C,DK$2),"")
A7: gobo + prisme 8 + zoom 25 / scene | B7: =IFERROR(AVERAGEIFS(Mesures!$H:$H,Mesures!$F:$F,$A7,Mesures!$C:$C,B$2),"") | C7: =IFERROR(AVERAGEIFS(Mesures!$H:$H,Mesures!$F:$F,$A7,Mesures!$C:$C,C$2),"") | D7: =IFERROR(AVERAGEIFS(Mesures!$H:$H,Mesures!$F:$F,$A7,Mesures!$C:$C,D$2),"") | E7: =IFERROR(AVERAGEIFS(Mesures!$H:$H,Mesures!$F:$F,$A7,Mesures!$C:$C,E$2),"") | F7: =IFERROR(AVERAGEIFS(Mesures!$H:$H,Mesures!$F:$F,$A7,Mesures!$C:$C,F$2),"") | G7: =IFERROR(AVERAGEIFS(Mesures!$H:$H,Mesures!$F:$F,$A7,Mesures!$C:$C,G$2),"") | H7: =IFERROR(AVERAGEIFS(Mesures!$H:$H,Mesures!$F:$F,$A7,Mesures!$C:$C,H$2),"") | I7: =IFERROR(AVERAGEIFS(Mesures!$H:$H,Mesures!$F:$F,$A7,Mesures!$C:$C,I$2),"") | ... DK7: =IFERROR(AVERAGEIFS(Mesures!$H:$H,Mesures!$F:$F,$A7,Mesures!$C:$C,DK$2),"")
A8: gobo + prisme 8 + zoom 25 / sous les trusses | B8: =IFERROR(AVERAGEIFS(Mesures!$H:$H,Mesures!$F:$F,$A8,Mesures!$C:$C,B$2),"") | C8: =IFERROR(AVERAGEIFS(Mesures!$H:$H,Mesures!$F:$F,$A8,Mesures!$C:$C,C$2),"") | D8: =IFERROR(AVERAGEIFS(Mesures!$H:$H,Mesures!$F:$F,$A8,Mesures!$C:$C,D$2),"") | E8: =IFERROR(AVERAGEIFS(Mesures!$H:$H,Mesures!$F:$F,$A8,Mesures!$C:$C,E$2),"") | F8: =IFERROR(AVERAGEIFS(Mesures!$H:$H,Mesures!$F:$F,$A8,Mesures!$C:$C,F$2),"") | G8: =IFERROR(AVERAGEIFS(Mesures!$H:$H,Mesures!$F:$F,$A8,Mesures!$C:$C,G$2),"") | H8: =IFERROR(AVERAGEIFS(Mesures!$H:$H,Mesures!$F:$F,$A8,Mesures!$C:$C,H$2),"") | I8: =IFERROR(AVERAGEIFS(Mesures!$H:$H,Mesures!$F:$F,$A8,Mesures!$C:$C,I$2),"") | ... DK8: =IFERROR(AVERAGEIFS(Mesures!$H:$H,Mesures!$F:$F,$A8,Mesures!$C:$C,DK$2),"")
A9: zoom 45 + frost 0.6 / public | B9: =IFERROR(AVERAGEIFS(Mesures!$H:$H,Mesures!$F:$F,$A9,Mesures!$C:$C,B$2),"") | C9: =IFERROR(AVERAGEIFS(Mesures!$H:$H,Mesures!$F:$F,$A9,Mesures!$C:$C,C$2),"") | D9: =IFERROR(AVERAGEIFS(Mesures!$H:$H,Mesures!$F:$F,$A9,Mesures!$C:$C,D$2),"") | E9: =IFERROR(AVERAGEIFS(Mesures!$H:$H,Mesures!$F:$F,$A9,Mesures!$C:$C,E$2),"") | F9: =IFERROR(AVERAGEIFS(Mesures!$H:$H,Mesures!$F:$F,$A9,Mesures!$C:$C,F$2),"") | G9: =IFERROR(AVERAGEIFS(Mesures!$H:$H,Mesures!$F:$F,$A9,Mesures!$C:$C,G$2),"") | H9: =IFERROR(AVERAGEIFS(Mesures!$H:$H,Mesures!$F:$F,$A9,Mesures!$C:$C,H$2),"") | I9: =IFERROR(AVERAGEIFS(Mesures!$H:$H,Mesures!$F:$F,$A9,Mesures!$C:$C,I$2),"") | ... DK9: =IFERROR(AVERAGEIFS(Mesures!$H:$H,Mesures!$F:$F,$A9,Mesures!$C:$C,DK$2),"")
A10: zoom 45 + frost 0.6 / scene | B10: =IFERROR(AVERAGEIFS(Mesures!$H:$H,Mesures!$F:$F,$A10,Mesures!$C:$C,B$2),"") | C10: =IFERROR(AVERAGEIFS(Mesures!$H:$H,Mesures!$F:$F,$A10,Mesures!$C:$C,C$2),"") | D10: =IFERROR(AVERAGEIFS(Mesures!$H:$H,Mesures!$F:$F,$A10,Mesures!$C:$C,D$2),"") | E10: =IFERROR(AVERAGEIFS(Mesures!$H:$H,Mesures!$F:$F,$A10,Mesures!$C:$C,E$2),"") | F10: =IFERROR(AVERAGEIFS(Mesures!$H:$H,Mesures!$F:$F,$A10,Mesures!$C:$C,F$2),"") | G10: =IFERROR(AVERAGEIFS(Mesures!$H:$H,Mesures!$F:$F,$A10,Mesures!$C:$C,G$2),"") | H10: =IFERROR(AVERAGEIFS(Mesures!$H:$H,Mesures!$F:$F,$A10,Mesures!$C:$C,H$2),"") | I10: =IFERROR(AVERAGEIFS(Mesures!$H:$H,Mesures!$F:$F,$A10,Mesures!$C:$C,I$2),"") | ... DK10: =IFERROR(AVERAGEIFS(Mesures!$H:$H,Mesures!$F:$F,$A10,Mesures!$C:$C,DK$2),"")
A11: zoom 45 + frost 0.6 / sous les trusses | B11: =IFERROR(AVERAGEIFS(Mesures!$H:$H,Mesures!$F:$F,$A11,Mesures!$C:$C,B$2),"") | C11: =IFERROR(AVERAGEIFS(Mesures!$H:$H,Mesures!$F:$F,$A11,Mesures!$C:$C,C$2),"") | D11: =IFERROR(AVERAGEIFS(Mesures!$H:$H,Mesures!$F:$F,$A11,Mesures!$C:$C,D$2),"") | E11: =IFERROR(AVERAGEIFS(Mesures!$H:$H,Mesures!$F:$F,$A11,Mesures!$C:$C,E$2),"") | F11: =IFERROR(AVERAGEIFS(Mesures!$H:$H,Mesures!$F:$F,$A11,Mesures!$C:$C,F$2),"") | G11: =IFERROR(AVERAGEIFS(Mesures!$H:$H,Mesures!$F:$F,$A11,Mesures!$C:$C,G$2),"") | H11: =IFERROR(AVERAGEIFS(Mesures!$H:$H,Mesures!$F:$F,$A11,Mesures!$C:$C,H$2),"") | I11: =IFERROR(AVERAGEIFS(Mesures!$H:$H,Mesures!$F:$F,$A11,Mesures!$C:$C,I$2),"") | ... DK11: =IFERROR(AVERAGEIFS(Mesures!$H:$H,Mesures!$F:$F,$A11,Mesures!$C:$C,DK$2),"")
A12: sans rebonds (GI) | B12: =IFERROR(AVERAGEIFS(Mesures!$H:$H,Mesures!$F:$F,$A12,Mesures!$C:$C,B$2),"") | C12: =IFERROR(AVERAGEIFS(Mesures!$H:$H,Mesures!$F:$F,$A12,Mesures!$C:$C,C$2),"") | D12: =IFERROR(AVERAGEIFS(Mesures!$H:$H,Mesures!$F:$F,$A12,Mesures!$C:$C,D$2),"") | E12: =IFERROR(AVERAGEIFS(Mesures!$H:$H,Mesures!$F:$F,$A12,Mesures!$C:$C,E$2),"") | F12: =IFERROR(AVERAGEIFS(Mesures!$H:$H,Mesures!$F:$F,$A12,Mesures!$C:$C,F$2),"") | G12: =IFERROR(AVERAGEIFS(Mesures!$H:$H,Mesures!$F:$F,$A12,Mesures!$C:$C,G$2),"") | H12: =IFERROR(AVERAGEIFS(Mesures!$H:$H,Mesures!$F:$F,$A12,Mesures!$C:$C,H$2),"") | I12: =IFERROR(AVERAGEIFS(Mesures!$H:$H,Mesures!$F:$F,$A12,Mesures!$C:$C,I$2),"") | ... DK12: =IFERROR(AVERAGEIFS(Mesures!$H:$H,Mesures!$F:$F,$A12,Mesures!$C:$C,DK$2),"")
A13: sans fumee volumetrique | B13: =IFERROR(AVERAGEIFS(Mesures!$H:$H,Mesures!$F:$F,$A13,Mesures!$C:$C,B$2),"") | C13: =IFERROR(AVERAGEIFS(Mesures!$H:$H,Mesures!$F:$F,$A13,Mesures!$C:$C,C$2),"") | D13: =IFERROR(AVERAGEIFS(Mesures!$H:$H,Mesures!$F:$F,$A13,Mesures!$C:$C,D$2),"") | E13: =IFERROR(AVERAGEIFS(Mesures!$H:$H,Mesures!$F:$F,$A13,Mesures!$C:$C,E$2),"") | F13: =IFERROR(AVERAGEIFS(Mesures!$H:$H,Mesures!$F:$F,$A13,Mesures!$C:$C,F$2),"") | G13: =IFERROR(AVERAGEIFS(Mesures!$H:$H,Mesures!$F:$F,$A13,Mesures!$C:$C,G$2),"") | H13: =IFERROR(AVERAGEIFS(Mesures!$H:$H,Mesures!$F:$F,$A13,Mesures!$C:$C,H$2),"") | I13: =IFERROR(AVERAGEIFS(Mesures!$H:$H,Mesures!$F:$F,$A13,Mesures!$C:$C,I$2),"") | ... DK13: =IFERROR(AVERAGEIFS(Mesures!$H:$H,Mesures!$F:$F,$A13,Mesures!$C:$C,DK$2),"")
A14: sans taches sur surfaces | B14: =IFERROR(AVERAGEIFS(Mesures!$H:$H,Mesures!$F:$F,$A14,Mesures!$C:$C,B$2),"") | C14: =IFERROR(AVERAGEIFS(Mesures!$H:$H,Mesures!$F:$F,$A14,Mesures!$C:$C,C$2),"") | D14: =IFERROR(AVERAGEIFS(Mesures!$H:$H,Mesures!$F:$F,$A14,Mesures!$C:$C,D$2),"") | E14: =IFERROR(AVERAGEIFS(Mesures!$H:$H,Mesures!$F:$F,$A14,Mesures!$C:$C,E$2),"") | F14: =IFERROR(AVERAGEIFS(Mesures!$H:$H,Mesures!$F:$F,$A14,Mesures!$C:$C,F$2),"") | G14: =IFERROR(AVERAGEIFS(Mesures!$H:$H,Mesures!$F:$F,$A14,Mesures!$C:$C,G$2),"") | H14: =IFERROR(AVERAGEIFS(Mesures!$H:$H,Mesures!$F:$F,$A14,Mesures!$C:$C,H$2),"") | I14: =IFERROR(AVERAGEIFS(Mesures!$H:$H,Mesures!$F:$F,$A14,Mesures!$C:$C,I$2),"") | ... DK14: =IFERROR(AVERAGEIFS(Mesures!$H:$H,Mesures!$F:$F,$A14,Mesures!$C:$C,DK$2),"")
... A56: K4 Couronne zoom 45 / vers le point | B56: =IFERROR(AVERAGEIFS(Mesures!$H:$H,Mesures!$F:$F,$A56,Mesures!$C:$C,B$2),"") | C56: =IFERROR(AVERAGEIFS(Mesures!$H:$H,Mesures!$F:$F,$A56,Mesures!$C:$C,C$2),"") | D56: =IFERROR(AVERAGEIFS(Mesures!$H:$H,Mesures!$F:$F,$A56,Mesures!$C:$C,D$2),"") | E56: =IFERROR(AVERAGEIFS(Mesures!$H:$H,Mesures!$F:$F,$A56,Mesures!$C:$C,E$2),"") | F56: =IFERROR(AVERAGEIFS(Mesures!$H:$H,Mesures!$F:$F,$A56,Mesures!$C:$C,F$2),"") | G56: =IFERROR(AVERAGEIFS(Mesures!$H:$H,Mesures!$F:$F,$A56,Mesures!$C:$C,G$2),"") | H56: =IFERROR(AVERAGEIFS(Mesures!$H:$H,Mesures!$F:$F,$A56,Mesures!$C:$C,H$2),"") | I56: =IFERROR(AVERAGEIFS(Mesures!$H:$H,Mesures!$F:$F,$A56,Mesures!$C:$C,I$2),"") | ... DK56: =IFERROR(AVERAGEIFS(Mesures!$H:$H,Mesures!$F:$F,$A56,Mesures!$C:$C,DK$2),"")
A58: GPU moyen (ms)
A59: Cas | B59: 1. Reference avant sol texture | C59: 2. Sol beton texture (Concrete031) | D59: 3. Sol mouille 0,8 + reflet miroir | E59: 4. Faisceaux coupes aux obstacles + cube (banc rapide) | F59: 5a. Ombres coupees (shadows=0) | G59: 5b. Ombres des obstacles (shadows=1) | H59: 6a. Ombres + penombre : coupees (shadows=0) | I59: 6b. Ombres + penombre sur surfaces (shadows=1) | J59: 7a. Aberration chromatique codee, coupee (atlas R32F garde) | K59: 7b. Aberration chromatique coupee (banc rapide) | L59: 7c. Aberration chromatique active (banc rapide) | M59: 7e0. Essai v0 : aberration, enveloppe +2 %, chroma=1 | N59: 7e1. Essai v1 : enveloppe inchangee, flou par couleur, chroma=1 | O59: 7e3. Essai v3 : cache pour toutes les lyres, chroma=1 | P59: 7e4. Essai v4 : cache recalcule s'il change (RGBA16F), chroma=1 | Q59: 8. Longueur exacte des faisceaux arretes par le sol (bout des taches rasantes) | R59: 9a. Eau au sol : creux, flaques nettes, variante seche du shader | S59: 9b. Eau au sol a 10 % | T59: 9e. Essai : creux en trilineaire (abandonne) | U59: 10a. Reflet seulement dans l'eau (masque par blocs), eau 0,1 | V59: 10b. Reflet seulement dans l'eau, eau 0,3 | W59: 10c. Reflet seulement dans l'eau, eau 1 | X59: 10e1. Essai masque : 1 point par pixel du miroir (creux manques) | Y59: 10e3. Essai masque : faisceaux seulement dans les flaques (pores plus sombres) | Z59: 11. Lasers (prototype) : banc des lyres inchange | AA59: 11a. Lasers : triangles en addition (prototype) | AB59: 11b. Lasers : tuiles en calcul (prototype) | AC59: 12. Lasers : traits seuls (eventails de 16 traits au plus), nappe lisse allegee, triangles retires | AD59: 13a. Lasers, essai degrades v1 (meme shader, 6 vec4) | AE59: 13b. Lasers, essai degrades v2 (interpolation allegee) | AF59: 13c. Lasers, degrades : deux variantes du shader (gardee) | AG59: 13. Lasers : moteur et onglet Lasers (etape 2), formes, degrades, effets, boitiers, cas L7 | AH59: 14. Lasers : fumee de la piece (coupee, laserfog=0) | AI59: 14. Lasers : fumee de la piece (laserfog=1) | AJ59: 15. Lasers : diffusion avant 1 lobe (laserphase=0) | AK59: 15. Lasers : diffusion avant 2 lobes (laserphase=1) | AL59: 16. Lasers : volutes coupees (volutes=0) | AM59: 16. Lasers : volutes 1 octave (BC5 64^3, 1,6 m) | AN59: 17. Lasers : volutes, 2e octave coupee (volfine=0) | AO59: 17. Lasers : volutes, 2e octave de pres (volfine=1, portee -1) | AP59: 18. Lasers : variantes du shader, tout coupe (variante 0) | AQ59: 18. Lasers : variante 1 (fumee de la piece, 2 lobes) | AR59: 18. Lasers : variante 3 (+ volutes, 2 octaves) | AS59: 19. Lasers : etape 3 avant (reference) | AT59: 19. Lasers : etape 3 finale (fumee de la piece RG8, 2 lobes, volutes) | AU59: 19. Lyres : etape 3 finale (texture des amas RG8) | AV59: 20. Lasers : lecture ILDA, mode ligne, 16 384 segments | AW59: 20a. Essai ecarte : variante nappes et traits seuls (coupee) | AX59: 20a. Essai ecarte : variante nappes et traits seuls (active) | AY59: 20. Lyres : lecture ILDA (inchange) | AZ59: 21. Lasers : collisions, code present coupe (lasercoll=0) | BA59: 21. Lasers : collisions actives (essai, test avec branchement) | BB59: 22. Lasers : impacts coupes (laserimpacts=0) | BC59: 22. Lasers : impacts sur les surfaces | BD59: 22b. Lasers : etape 5 (collisions + impacts), en mouvement | BE59: 22b. Lyres : etape 5 (inchange) | BF59: 23. arcs : silhouettes adoucies, pyramide coupee a l'ecran et aux parois, passe des arcs a part | BG59: 24. Lasers : etape 9 (moteur de trace, arcs arretes sur les faces, formes par trace, plusieurs coeurs, cache des figures fixes) | BH59: 24. Lyres : etape 9 (inchange) | BI59: 25. Lasers : sorties sans traits parasites, blanchiment (camera) et lueur de sortie | BJ59: 25. Lyres : sorties et blanchiment des lasers (inchange) | BK59: 26. Lyres superposees a 1/4 (cases chargees) + diffus par direction des lyres douces + gobo ouvert sans lecture | BL59: 27. Lyres superposees a 1/4 seulement pour les grandes taches floues + scintillement du sol + variante legere des lyres frost | BM59: 28. AMD FSR 1 (EASU + RCAS), coupe par defaut | BN59: 29. Faisceaux 1/2 et 1/4 : flou a la taille d'un pixel de la fumee (plus de marches au bord des cones) | BO59: 30. Lasers : rendu photo (bords brillants 1, halo 0,1) + corrections des coupes | BP59: 30. Lasers : rendu photo, bords et halo coupes (laseredge=0, laserhalo=0) | BQ59: 30. Lyres : rendu photo des lasers (inchange) | BR59: 31. Lasers : convergence RGB 0,3 mrad + aberration objectif 0,2 % (avec le rendu photo) | BS59: 31. Lasers : convergence et objectif coupes (laserconv=0, laserlensca=0) | BT59: 31. Lyres : convergence RGB des lasers (inchange) | BU59: 32. Lasers : convergence RGB, un seul calcul pour les couleurs pures | BV59: 32. Lasers : L7 multicolore, rendu photo et convergence actifs | BW59: 32. Lasers : L7 multicolore, convergence et objectif coupes | BX59: 33. Fumee des lasers v2, etape 1 : texture des amas en RGBA8 (modele Classique) | BY59: 33. Fumee des lasers v2, etape 1 : modele Spatiale (carte seule, variante 1) | BZ59: 34. Fumee des lasers v2, etape 2 : nuages par erosion (variante 4) | CA59: 34. Fumee des lasers v2, etape 2 : sans les nuages (sferode=0, variante 1) | CB59: 34. Fumee des lasers v2, etape 2 : modele Classique (meme executable) | CC59: 34. Fumee des lasers v2, etape 2 : banc des lyres | CD59: 35. Fumee des lasers v2, etape 3 : tourbillons (3 sinus), sans filaments (variante 4) [INVALIDE : variante 2 du Classique mesuree (erreur corrigee), voir 37] | CE59: 35. Fumee des lasers v2, etape 3 : tourbillons et filaments de pres (variante 5 si un eventail passe pres) | CF59: 35. Fumee des lasers v2, etape 3 : modele Classique (bloc d'uniformes agrandi) | CG59: 36. Fumee des lasers v2, etape 4 : Classique (meme executable) | CH59: 36. Fumee des lasers v2, etape 4 : prereglage 3 Concert | CI59: 36. Fumee des lasers v2, etape 4 : prereglage 1 Hazer propre | CJ59: 36. Fumee des lasers v2, etape 4 : prereglage 5 Marbre de pres | CK59: 37. Fumee des lasers v2 : bancs seuilles par pixel, bords nuageux ; Classique (meme executable) | CL59: 37. Fumee des lasers v2 : bancs seuilles par pixel, bords nuageux ; Concert sans filaments (variante 4) | CM59: 37. Fumee des lasers v2 : bancs seuilles par pixel, bords nuageux ; Concert avec filaments (variante 5) | CN59: 38. Fumee des lasers v2 : salle composee ; Classique (meme executable) | CO59: 38. Fumee des lasers v2 : salle composee (sfpreset=6, filaments de l'utilisateur : force 1, 2 m, portee 1) | CP59: 38. Fumee des lasers v2 : salle composee sans filaments | CQ59: 39. Fumee des lasers v2 : salle composee en degrade (deux ambiances superposees) ; Classique (meme executable) | CR59: 39. Fumee des lasers v2 : salle composee en degrade (sfpreset=6, filaments de l'utilisateur) | CS59: 39. Fumee des lasers v2 : salle composee en degrade, sans filaments | CT59: 40. Spectacles laser (generateur de 30 scenes, 10 effets ajoutes) : banc des lasers inchange (avant -3,1 a +1,6 %, images identiques) | CU59: 41. Lasers : convergence RGB optimisee (traits en un calcul, impacts plafonnes, variante sans convergence, halo au quart, franges invisibles sautees, impacts des arcs) | CV59: 41. Lasers : convergence et objectif coupes (meme executable) | CW59: 42. Lasers : impacts en quadrilatere exact (au lieu de carres de marge) + bords des nappes par couleur seulement pres du bord | CX59: 43. Optim. lasers etape 1 : journal par image (fumee CPU, Present) et compteurs de mesure (--stats) ; image et shaders inchanges | CY59: 44. Optim. lasers etape 2 : fumee CPU en tache de fond (3 coeurs) ; presentation avec dechirure (bancs : 2 tampons, spectacle : 3 tampons, latence 2) | CZ59: 45. Optim. lasers etape 3 : passes de fumee des lyres sautees sans lyre allumee (0.9) ; 0.3 et 0.4 essayes, sans gain, retires | DA59: 46. Optim. lasers etape 4 (essai, non garde) : lumiere lente interpolee par tuile sur les nappes planes, tolerance 2 % | DB59: 47. Optim. lasers etape 5 : morceaux voisins d'un meme cercle fusionnes (cones : 2 morceaux par cercle au lieu de 4) | DC59: 48. Optim. lasers etape 7 : resolution adaptative des lasers (80, 70, 50 % sous 60 img/s), agrandissement selon la profondeur | DD59: 49. Impacts des arcs : decoupage par face en tranches de 22,5 deg (traits au sol qui clignotaient) | DE59: 50. Impacts : largeur minimale comptee a l'ecran (traits au sol en pointilles au loin), laserhitmin=0 | DF59: 50. Impacts : largeur minimale comptee a l'ecran (traits au sol en pointilles au loin), laserhitmin=1 | DG59: 51. Lumiere des lasers dans la piece (VPL dans les sondes), lasergi=0 | DH59: 51. Lumiere des lasers dans la piece (VPL dans les sondes), lasergi=1 | DI59: 51. Lumiere des lasers dans la piece : banc des lyres (lasergi=0 par defaut) | DJ59: 52. Reflets du sol mouille : lasers dans le reflet, beton mouille flou, flou des flaques | DK59: 52. Reflets du sol mouille : banc des lasers
A60: defaut / public | B60: =IFERROR(AVERAGEIFS(Mesures!$I:$I,Mesures!$F:$F,$A60,Mesures!$C:$C,B$59),"") | C60: =IFERROR(AVERAGEIFS(Mesures!$I:$I,Mesures!$F:$F,$A60,Mesures!$C:$C,C$59),"") | D60: =IFERROR(AVERAGEIFS(Mesures!$I:$I,Mesures!$F:$F,$A60,Mesures!$C:$C,D$59),"") | E60: =IFERROR(AVERAGEIFS(Mesures!$I:$I,Mesures!$F:$F,$A60,Mesures!$C:$C,E$59),"") | F60: =IFERROR(AVERAGEIFS(Mesures!$I:$I,Mesures!$F:$F,$A60,Mesures!$C:$C,F$59),"") | G60: =IFERROR(AVERAGEIFS(Mesures!$I:$I,Mesures!$F:$F,$A60,Mesures!$C:$C,G$59),"") | H60: =IFERROR(AVERAGEIFS(Mesures!$I:$I,Mesures!$F:$F,$A60,Mesures!$C:$C,H$59),"") | I60: =IFERROR(AVERAGEIFS(Mesures!$I:$I,Mesures!$F:$F,$A60,Mesures!$C:$C,I$59),"") | ... DK60: =IFERROR(AVERAGEIFS(Mesures!$I:$I,Mesures!$F:$F,$A60,Mesures!$C:$C,DK$59),"")
A61: defaut / scene | B61: =IFERROR(AVERAGEIFS(Mesures!$I:$I,Mesures!$F:$F,$A61,Mesures!$C:$C,B$59),"") | C61: =IFERROR(AVERAGEIFS(Mesures!$I:$I,Mesures!$F:$F,$A61,Mesures!$C:$C,C$59),"") | D61: =IFERROR(AVERAGEIFS(Mesures!$I:$I,Mesures!$F:$F,$A61,Mesures!$C:$C,D$59),"") | E61: =IFERROR(AVERAGEIFS(Mesures!$I:$I,Mesures!$F:$F,$A61,Mesures!$C:$C,E$59),"") | F61: =IFERROR(AVERAGEIFS(Mesures!$I:$I,Mesures!$F:$F,$A61,Mesures!$C:$C,F$59),"") | G61: =IFERROR(AVERAGEIFS(Mesures!$I:$I,Mesures!$F:$F,$A61,Mesures!$C:$C,G$59),"") | H61: =IFERROR(AVERAGEIFS(Mesures!$I:$I,Mesures!$F:$F,$A61,Mesures!$C:$C,H$59),"") | I61: =IFERROR(AVERAGEIFS(Mesures!$I:$I,Mesures!$F:$F,$A61,Mesures!$C:$C,I$59),"") | ... DK61: =IFERROR(AVERAGEIFS(Mesures!$I:$I,Mesures!$F:$F,$A61,Mesures!$C:$C,DK$59),"")
A62: defaut / sous les trusses | B62: =IFERROR(AVERAGEIFS(Mesures!$I:$I,Mesures!$F:$F,$A62,Mesures!$C:$C,B$59),"") | C62: =IFERROR(AVERAGEIFS(Mesures!$I:$I,Mesures!$F:$F,$A62,Mesures!$C:$C,C$59),"") | D62: =IFERROR(AVERAGEIFS(Mesures!$I:$I,Mesures!$F:$F,$A62,Mesures!$C:$C,D$59),"") | E62: =IFERROR(AVERAGEIFS(Mesures!$I:$I,Mesures!$F:$F,$A62,Mesures!$C:$C,E$59),"") | F62: =IFERROR(AVERAGEIFS(Mesures!$I:$I,Mesures!$F:$F,$A62,Mesures!$C:$C,F$59),"") | G62: =IFERROR(AVERAGEIFS(Mesures!$I:$I,Mesures!$F:$F,$A62,Mesures!$C:$C,G$59),"") | H62: =IFERROR(AVERAGEIFS(Mesures!$I:$I,Mesures!$F:$F,$A62,Mesures!$C:$C,H$59),"") | I62: =IFERROR(AVERAGEIFS(Mesures!$I:$I,Mesures!$F:$F,$A62,Mesures!$C:$C,I$59),"") | ... DK62: =IFERROR(AVERAGEIFS(Mesures!$I:$I,Mesures!$F:$F,$A62,Mesures!$C:$C,DK$59),"")
A63: gobo + prisme 8 + zoom 25 / public | B63: =IFERROR(AVERAGEIFS(Mesures!$I:$I,Mesures!$F:$F,$A63,Mesures!$C:$C,B$59),"") | C63: =IFERROR(AVERAGEIFS(Mesures!$I:$I,Mesures!$F:$F,$A63,Mesures!$C:$C,C$59),"") | D63: =IFERROR(AVERAGEIFS(Mesures!$I:$I,Mesures!$F:$F,$A63,Mesures!$C:$C,D$59),"") | E63: =IFERROR(AVERAGEIFS(Mesures!$I:$I,Mesures!$F:$F,$A63,Mesures!$C:$C,E$59),"") | F63: =IFERROR(AVERAGEIFS(Mesures!$I:$I,Mesures!$F:$F,$A63,Mesures!$C:$C,F$59),"") | G63: =IFERROR(AVERAGEIFS(Mesures!$I:$I,Mesures!$F:$F,$A63,Mesures!$C:$C,G$59),"") | H63: =IFERROR(AVERAGEIFS(Mesures!$I:$I,Mesures!$F:$F,$A63,Mesures!$C:$C,H$59),"") | I63: =IFERROR(AVERAGEIFS(Mesures!$I:$I,Mesures!$F:$F,$A63,Mesures!$C:$C,I$59),"") | ... DK63: =IFERROR(AVERAGEIFS(Mesures!$I:$I,Mesures!$F:$F,$A63,Mesures!$C:$C,DK$59),"")
A64: gobo + prisme 8 + zoom 25 / scene | B64: =IFERROR(AVERAGEIFS(Mesures!$I:$I,Mesures!$F:$F,$A64,Mesures!$C:$C,B$59),"") | C64: =IFERROR(AVERAGEIFS(Mesures!$I:$I,Mesures!$F:$F,$A64,Mesures!$C:$C,C$59),"") | D64: =IFERROR(AVERAGEIFS(Mesures!$I:$I,Mesures!$F:$F,$A64,Mesures!$C:$C,D$59),"") | E64: =IFERROR(AVERAGEIFS(Mesures!$I:$I,Mesures!$F:$F,$A64,Mesures!$C:$C,E$59),"") | F64: =IFERROR(AVERAGEIFS(Mesures!$I:$I,Mesures!$F:$F,$A64,Mesures!$C:$C,F$59),"") | G64: =IFERROR(AVERAGEIFS(Mesures!$I:$I,Mesures!$F:$F,$A64,Mesures!$C:$C,G$59),"") | H64: =IFERROR(AVERAGEIFS(Mesures!$I:$I,Mesures!$F:$F,$A64,Mesures!$C:$C,H$59),"") | I64: =IFERROR(AVERAGEIFS(Mesures!$I:$I,Mesures!$F:$F,$A64,Mesures!$C:$C,I$59),"") | ... DK64: =IFERROR(AVERAGEIFS(Mesures!$I:$I,Mesures!$F:$F,$A64,Mesures!$C:$C,DK$59),"")
A65: gobo + prisme 8 + zoom 25 / sous les trusses | B65: =IFERROR(AVERAGEIFS(Mesures!$I:$I,Mesures!$F:$F,$A65,Mesures!$C:$C,B$59),"") | C65: =IFERROR(AVERAGEIFS(Mesures!$I:$I,Mesures!$F:$F,$A65,Mesures!$C:$C,C$59),"") | D65: =IFERROR(AVERAGEIFS(Mesures!$I:$I,Mesures!$F:$F,$A65,Mesures!$C:$C,D$59),"") | E65: =IFERROR(AVERAGEIFS(Mesures!$I:$I,Mesures!$F:$F,$A65,Mesures!$C:$C,E$59),"") | F65: =IFERROR(AVERAGEIFS(Mesures!$I:$I,Mesures!$F:$F,$A65,Mesures!$C:$C,F$59),"") | G65: =IFERROR(AVERAGEIFS(Mesures!$I:$I,Mesures!$F:$F,$A65,Mesures!$C:$C,G$59),"") | H65: =IFERROR(AVERAGEIFS(Mesures!$I:$I,Mesures!$F:$F,$A65,Mesures!$C:$C,H$59),"") | I65: =IFERROR(AVERAGEIFS(Mesures!$I:$I,Mesures!$F:$F,$A65,Mesures!$C:$C,I$59),"") | ... DK65: =IFERROR(AVERAGEIFS(Mesures!$I:$I,Mesures!$F:$F,$A65,Mesures!$C:$C,DK$59),"")
A66: zoom 45 + frost 0.6 / public | B66: =IFERROR(AVERAGEIFS(Mesures!$I:$I,Mesures!$F:$F,$A66,Mesures!$C:$C,B$59),"") | C66: =IFERROR(AVERAGEIFS(Mesures!$I:$I,Mesures!$F:$F,$A66,Mesures!$C:$C,C$59),"") | D66: =IFERROR(AVERAGEIFS(Mesures!$I:$I,Mesures!$F:$F,$A66,Mesures!$C:$C,D$59),"") | E66: =IFERROR(AVERAGEIFS(Mesures!$I:$I,Mesures!$F:$F,$A66,Mesures!$C:$C,E$59),"") | F66: =IFERROR(AVERAGEIFS(Mesures!$I:$I,Mesures!$F:$F,$A66,Mesures!$C:$C,F$59),"") | G66: =IFERROR(AVERAGEIFS(Mesures!$I:$I,Mesures!$F:$F,$A66,Mesures!$C:$C,G$59),"") | H66: =IFERROR(AVERAGEIFS(Mesures!$I:$I,Mesures!$F:$F,$A66,Mesures!$C:$C,H$59),"") | I66: =IFERROR(AVERAGEIFS(Mesures!$I:$I,Mesures!$F:$F,$A66,Mesures!$C:$C,I$59),"") | ... DK66: =IFERROR(AVERAGEIFS(Mesures!$I:$I,Mesures!$F:$F,$A66,Mesures!$C:$C,DK$59),"")
A67: zoom 45 + frost 0.6 / scene | B67: =IFERROR(AVERAGEIFS(Mesures!$I:$I,Mesures!$F:$F,$A67,Mesures!$C:$C,B$59),"") | C67: =IFERROR(AVERAGEIFS(Mesures!$I:$I,Mesures!$F:$F,$A67,Mesures!$C:$C,C$59),"") | D67: =IFERROR(AVERAGEIFS(Mesures!$I:$I,Mesures!$F:$F,$A67,Mesures!$C:$C,D$59),"") | E67: =IFERROR(AVERAGEIFS(Mesures!$I:$I,Mesures!$F:$F,$A67,Mesures!$C:$C,E$59),"") | F67: =IFERROR(AVERAGEIFS(Mesures!$I:$I,Mesures!$F:$F,$A67,Mesures!$C:$C,F$59),"") | G67: =IFERROR(AVERAGEIFS(Mesures!$I:$I,Mesures!$F:$F,$A67,Mesures!$C:$C,G$59),"") | H67: =IFERROR(AVERAGEIFS(Mesures!$I:$I,Mesures!$F:$F,$A67,Mesures!$C:$C,H$59),"") | I67: =IFERROR(AVERAGEIFS(Mesures!$I:$I,Mesures!$F:$F,$A67,Mesures!$C:$C,I$59),"") | ... DK67: =IFERROR(AVERAGEIFS(Mesures!$I:$I,Mesures!$F:$F,$A67,Mesures!$C:$C,DK$59),"")
A68: zoom 45 + frost 0.6 / sous les trusses | B68: =IFERROR(AVERAGEIFS(Mesures!$I:$I,Mesures!$F:$F,$A68,Mesures!$C:$C,B$59),"") | C68: =IFERROR(AVERAGEIFS(Mesures!$I:$I,Mesures!$F:$F,$A68,Mesures!$C:$C,C$59),"") | D68: =IFERROR(AVERAGEIFS(Mesures!$I:$I,Mesures!$F:$F,$A68,Mesures!$C:$C,D$59),"") | E68: =IFERROR(AVERAGEIFS(Mesures!$I:$I,Mesures!$F:$F,$A68,Mesures!$C:$C,E$59),"") | F68: =IFERROR(AVERAGEIFS(Mesures!$I:$I,Mesures!$F:$F,$A68,Mesures!$C:$C,F$59),"") | G68: =IFERROR(AVERAGEIFS(Mesures!$I:$I,Mesures!$F:$F,$A68,Mesures!$C:$C,G$59),"") | H68: =IFERROR(AVERAGEIFS(Mesures!$I:$I,Mesures!$F:$F,$A68,Mesures!$C:$C,H$59),"") | I68: =IFERROR(AVERAGEIFS(Mesures!$I:$I,Mesures!$F:$F,$A68,Mesures!$C:$C,I$59),"") | ... DK68: =IFERROR(AVERAGEIFS(Mesures!$I:$I,Mesures!$F:$F,$A68,Mesures!$C:$C,DK$59),"")
A69: sans rebonds (GI) | B69: =IFERROR(AVERAGEIFS(Mesures!$I:$I,Mesures!$F:$F,$A69,Mesures!$C:$C,B$59),"") | C69: =IFERROR(AVERAGEIFS(Mesures!$I:$I,Mesures!$F:$F,$A69,Mesures!$C:$C,C$59),"") | D69: =IFERROR(AVERAGEIFS(Mesures!$I:$I,Mesures!$F:$F,$A69,Mesures!$C:$C,D$59),"") | E69: =IFERROR(AVERAGEIFS(Mesures!$I:$I,Mesures!$F:$F,$A69,Mesures!$C:$C,E$59),"") | F69: =IFERROR(AVERAGEIFS(Mesures!$I:$I,Mesures!$F:$F,$A69,Mesures!$C:$C,F$59),"") | G69: =IFERROR(AVERAGEIFS(Mesures!$I:$I,Mesures!$F:$F,$A69,Mesures!$C:$C,G$59),"") | H69: =IFERROR(AVERAGEIFS(Mesures!$I:$I,Mesures!$F:$F,$A69,Mesures!$C:$C,H$59),"") | I69: =IFERROR(AVERAGEIFS(Mesures!$I:$I,Mesures!$F:$F,$A69,Mesures!$C:$C,I$59),"") | ... DK69: =IFERROR(AVERAGEIFS(Mesures!$I:$I,Mesures!$F:$F,$A69,Mesures!$C:$C,DK$59),"")
A70: sans fumee volumetrique | B70: =IFERROR(AVERAGEIFS(Mesures!$I:$I,Mesures!$F:$F,$A70,Mesures!$C:$C,B$59),"") | C70: =IFERROR(AVERAGEIFS(Mesures!$I:$I,Mesures!$F:$F,$A70,Mesures!$C:$C,C$59),"") | D70: =IFERROR(AVERAGEIFS(Mesures!$I:$I,Mesures!$F:$F,$A70,Mesures!$C:$C,D$59),"") | E70: =IFERROR(AVERAGEIFS(Mesures!$I:$I,Mesures!$F:$F,$A70,Mesures!$C:$C,E$59),"") | F70: =IFERROR(AVERAGEIFS(Mesures!$I:$I,Mesures!$F:$F,$A70,Mesures!$C:$C,F$59),"") | G70: =IFERROR(AVERAGEIFS(Mesures!$I:$I,Mesures!$F:$F,$A70,Mesures!$C:$C,G$59),"") | H70: =IFERROR(AVERAGEIFS(Mesures!$I:$I,Mesures!$F:$F,$A70,Mesures!$C:$C,H$59),"") | I70: =IFERROR(AVERAGEIFS(Mesures!$I:$I,Mesures!$F:$F,$A70,Mesures!$C:$C,I$59),"") | ... DK70: =IFERROR(AVERAGEIFS(Mesures!$I:$I,Mesures!$F:$F,$A70,Mesures!$C:$C,DK$59),"")
A71: sans taches sur surfaces | B71: =IFERROR(AVERAGEIFS(Mesures!$I:$I,Mesures!$F:$F,$A71,Mesures!$C:$C,B$59),"") | C71: =IFERROR(AVERAGEIFS(Mesures!$I:$I,Mesures!$F:$F,$A71,Mesures!$C:$C,C$59),"") | D71: =IFERROR(AVERAGEIFS(Mesures!$I:$I,Mesures!$F:$F,$A71,Mesures!$C:$C,D$59),"") | E71: =IFERROR(AVERAGEIFS(Mesures!$I:$I,Mesures!$F:$F,$A71,Mesures!$C:$C,E$59),"") | F71: =IFERROR(AVERAGEIFS(Mesures!$I:$I,Mesures!$F:$F,$A71,Mesures!$C:$C,F$59),"") | G71: =IFERROR(AVERAGEIFS(Mesures!$I:$I,Mesures!$F:$F,$A71,Mesures!$C:$C,G$59),"") | H71: =IFERROR(AVERAGEIFS(Mesures!$I:$I,Mesures!$F:$F,$A71,Mesures!$C:$C,H$59),"") | I71: =IFERROR(AVERAGEIFS(Mesures!$I:$I,Mesures!$F:$F,$A71,Mesures!$C:$C,I$59),"") | ... DK71: =IFERROR(AVERAGEIFS(Mesures!$I:$I,Mesures!$F:$F,$A71,Mesures!$C:$C,DK$59),"")
... A113: K4 Couronne zoom 45 / vers le point | B113: =IFERROR(AVERAGEIFS(Mesures!$I:$I,Mesures!$F:$F,$A113,Mesures!$C:$C,B$59),"") | C113: =IFERROR(AVERAGEIFS(Mesures!$I:$I,Mesures!$F:$F,$A113,Mesures!$C:$C,C$59),"") | D113: =IFERROR(AVERAGEIFS(Mesures!$I:$I,Mesures!$F:$F,$A113,Mesures!$C:$C,D$59),"") | E113: =IFERROR(AVERAGEIFS(Mesures!$I:$I,Mesures!$F:$F,$A113,Mesures!$C:$C,E$59),"") | F113: =IFERROR(AVERAGEIFS(Mesures!$I:$I,Mesures!$F:$F,$A113,Mesures!$C:$C,F$59),"") | G113: =IFERROR(AVERAGEIFS(Mesures!$I:$I,Mesures!$F:$F,$A113,Mesures!$C:$C,G$59),"") | H113: =IFERROR(AVERAGEIFS(Mesures!$I:$I,Mesures!$F:$F,$A113,Mesures!$C:$C,H$59),"") | I113: =IFERROR(AVERAGEIFS(Mesures!$I:$I,Mesures!$F:$F,$A113,Mesures!$C:$C,I$59),"") | ... DK113: =IFERROR(AVERAGEIFS(Mesures!$I:$I,Mesures!$F:$F,$A113,Mesures!$C:$C,DK$59),"")

Sheet Lisez-moi
A1: Historique des performances de LyreViz (GTX 1080, 3840 x 2160, 200 lyres)
A3: Une ligne de 'Mesures' par cas du banc d'essai et par modification. On ajoute, on ne modifie pas.
A4: Ajout : python tools\historique.py --modif "nom" --reglages "..." bench\dossier1 bench\dossier2
A5: plusieurs dossiers = lancements de la meme version et des memes reglages, moyennes.
A6: 'Comparaison' : un cas par ligne, une modification par colonne (formules sur 'Mesures').
A8: Colonnes :
A9: Image (ms) : duree moyenne d'une image (= img/s reelles, presentation comprise).
A10: GPU moyen / mediane : temps GPU total d'une image.
A11: Surfaces : passe des surfaces + lyres douces. Fumee : toutes les passes de fumee. Reflet sol : passe miroir.
A12: Paires d'ombre : paires (lyre, obstacle) de l'ombre (vide avant les ombres).
A14: A comparer seulement entre lignes aux memes reglages (qualite adaptative, mouvement / immobile).
A15: Les temps varient de 10 a 20 % d'un lancement a l'autre : voir PERFORMANCE.md.
A16: Objectif : 8,3 ms par image (120 img/s).
